quarter,market_segment,completion_status,launch_status,pre_requisites_status,units
2006-Q3,Core Central Region,Completed,na,na,232
2006-Q3,Core Central Region,Uncompleted,Launched,With Pre-Requisites,1153
2006-Q3,Core Central Region,Uncompleted,na,Without Pre-Requisites,9813
2006-Q3,Core Central Region,Uncompleted,Not Launch Yet,With Pre-Requisites,1992
2006-Q3,Outside Central Region,Completed,na,na,326
2006-Q3,Outside Central Region,Uncompleted,Launched,With Pre-Requisites,1186
2006-Q3,Outside Central Region,Uncompleted,na,Without Pre-Requisites,9362
2006-Q3,Outside Central Region,Uncompleted,Not Launch Yet,With Pre-Requisites,3176
2006-Q3,Rest of Central Region,Completed,na,na,291
2006-Q3,Rest of Central Region,Uncompleted,Launched,With Pre-Requisites,975
2006-Q3,Rest of Central Region,Uncompleted,na,Without Pre-Requisites,6273
2006-Q3,Rest of Central Region,Uncompleted,Not Launch Yet,With Pre-Requisites,1658
2006-Q4,Core Central Region,Completed,na,na,144
2006-Q4,Core Central Region,Uncompleted,Launched,With Pre-Requisites,806
2006-Q4,Core Central Region,Uncompleted,na,Without Pre-Requisites,7738
2006-Q4,Core Central Region,Uncompleted,Not Launch Yet,With Pre-Requisites,2817
2006-Q4,Outside Central Region,Completed,na,na,423
2006-Q4,Outside Central Region,Uncompleted,Launched,With Pre-Requisites,921
2006-Q4,Outside Central Region,Uncompleted,na,Without Pre-Requisites,8791
2006-Q4,Outside Central Region,Uncompleted,Not Launch Yet,With Pre-Requisites,3318
2006-Q4,Rest of Central Region,Completed,na,na,226
2006-Q4,Rest of Central Region,Uncompleted,Launched,With Pre-Requisites,809
2006-Q4,Rest of Central Region,Uncompleted,na,Without Pre-Requisites,6534
2006-Q4,Rest of Central Region,Uncompleted,Not Launch Yet,With Pre-Requisites,809
2007-Q1,Core Central Region,Completed,na,na,184
2007-Q1,Core Central Region,Uncompleted,Launched,With Pre-Requisites,944
2007-Q1,Core Central Region,Uncompleted,na,Without Pre-Requisites,8348
2007-Q1,Core Central Region,Uncompleted,Not Launch Yet,With Pre-Requisites,2310
2007-Q1,Outside Central Region,Completed,na,na,270
2007-Q1,Outside Central Region,Uncompleted,Launched,With Pre-Requisites,775
2007-Q1,Outside Central Region,Uncompleted,na,Without Pre-Requisites,7835
2007-Q1,Outside Central Region,Uncompleted,Not Launch Yet,With Pre-Requisites,3756
2007-Q1,Rest of Central Region,Completed,na,na,113
2007-Q1,Rest of Central Region,Uncompleted,Launched,With Pre-Requisites,449
2007-Q1,Rest of Central Region,Uncompleted,na,Without Pre-Requisites,5827
2007-Q1,Rest of Central Region,Uncompleted,Not Launch Yet,With Pre-Requisites,2502
2007-Q2,Core Central Region,Completed,na,na,319
2007-Q2,Core Central Region,Uncompleted,Launched,With Pre-Requisites,602
2007-Q2,Core Central Region,Uncompleted,na,Without Pre-Requisites,7752
2007-Q2,Core Central Region,Uncompleted,Not Launch Yet,With Pre-Requisites,2771
2007-Q2,Outside Central Region,Completed,na,na,113
2007-Q2,Outside Central Region,Uncompleted,Launched,With Pre-Requisites,715
2007-Q2,Outside Central Region,Uncompleted,na,Without Pre-Requisites,8204
2007-Q2,Outside Central Region,Uncompleted,Not Launch Yet,With Pre-Requisites,2097
2007-Q2,Rest of Central Region,Completed,na,na,83
2007-Q2,Rest of Central Region,Uncompleted,Launched,With Pre-Requisites,341
2007-Q2,Rest of Central Region,Uncompleted,na,Without Pre-Requisites,4918
2007-Q2,Rest of Central Region,Uncompleted,Not Launch Yet,With Pre-Requisites,2758
2007-Q3,Core Central Region,Completed,na,na,293
2007-Q3,Core Central Region,Uncompleted,Launched,With Pre-Requisites,794
2007-Q3,Core Central Region,Uncompleted,na,Without Pre-Requisites,10148
2007-Q3,Core Central Region,Uncompleted,Not Launch Yet,With Pre-Requisites,3227
2007-Q3,Outside Central Region,Completed,na,na,150
2007-Q3,Outside Central Region,Uncompleted,Launched,With Pre-Requisites,586
2007-Q3,Outside Central Region,Uncompleted,na,Without Pre-Requisites,12709
2007-Q3,Outside Central Region,Uncompleted,Not Launch Yet,With Pre-Requisites,1216
2007-Q3,Rest of Central Region,Completed,na,na,43
2007-Q3,Rest of Central Region,Uncompleted,Launched,With Pre-Requisites,517
2007-Q3,Rest of Central Region,Uncompleted,na,Without Pre-Requisites,6713
2007-Q3,Rest of Central Region,Uncompleted,Not Launch Yet,With Pre-Requisites,2103
2007-Q4,Core Central Region,Completed,na,na,389
2007-Q4,Core Central Region,Uncompleted,Launched,With Pre-Requisites,823
2007-Q4,Core Central Region,Uncompleted,na,Without Pre-Requisites,9377
2007-Q4,Core Central Region,Uncompleted,Not Launch Yet,With Pre-Requisites,3788
2007-Q4,Outside Central Region,Completed,na,na,190
2007-Q4,Outside Central Region,Uncompleted,Launched,With Pre-Requisites,583
2007-Q4,Outside Central Region,Uncompleted,na,Without Pre-Requisites,12579
2007-Q4,Outside Central Region,Uncompleted,Not Launch Yet,With Pre-Requisites,1653
2007-Q4,Rest of Central Region,Completed,na,na,35
2007-Q4,Rest of Central Region,Uncompleted,Launched,With Pre-Requisites,657
2007-Q4,Rest of Central Region,Uncompleted,na,Without Pre-Requisites,7142
2007-Q4,Rest of Central Region,Uncompleted,Not Launch Yet,With Pre-Requisites,1658
2008-Q1,Core Central Region,Completed,na,na,513
2008-Q1,Core Central Region,Uncompleted,Launched,With Pre-Requisites,827
2008-Q1,Core Central Region,Uncompleted,na,Without Pre-Requisites,9726
2008-Q1,Core Central Region,Uncompleted,Not Launch Yet,With Pre-Requisites,4824
2008-Q1,Outside Central Region,Completed,na,na,347
2008-Q1,Outside Central Region,Uncompleted,Launched,With Pre-Requisites,964
2008-Q1,Outside Central Region,Uncompleted,na,Without Pre-Requisites,12373
2008-Q1,Outside Central Region,Uncompleted,Not Launch Yet,With Pre-Requisites,2481
2008-Q1,Rest of Central Region,Completed,na,na,36
2008-Q1,Rest of Central Region,Uncompleted,Launched,With Pre-Requisites,735
2008-Q1,Rest of Central Region,Uncompleted,na,Without Pre-Requisites,7821
2008-Q1,Rest of Central Region,Uncompleted,Not Launch Yet,With Pre-Requisites,2934
2008-Q2,Core Central Region,Completed,na,na,523
2008-Q2,Core Central Region,Uncompleted,Launched,With Pre-Requisites,805
2008-Q2,Core Central Region,Uncompleted,na,Without Pre-Requisites,8541
2008-Q2,Core Central Region,Uncompleted,Not Launch Yet,With Pre-Requisites,5872
2008-Q2,Outside Central Region,Completed,na,na,283
2008-Q2,Outside Central Region,Uncompleted,Launched,With Pre-Requisites,1046
2008-Q2,Outside Central Region,Uncompleted,na,Without Pre-Requisites,13424
2008-Q2,Outside Central Region,Uncompleted,Not Launch Yet,With Pre-Requisites,2588
2008-Q2,Rest of Central Region,Completed,na,na,69
2008-Q2,Rest of Central Region,Uncompleted,Launched,With Pre-Requisites,904
2008-Q2,Rest of Central Region,Uncompleted,na,Without Pre-Requisites,6317
2008-Q2,Rest of Central Region,Uncompleted,Not Launch Yet,With Pre-Requisites,3976
2008-Q3,Core Central Region,Completed,na,na,483
2008-Q3,Core Central Region,Uncompleted,Launched,With Pre-Requisites,1045
2008-Q3,Core Central Region,Uncompleted,na,Without Pre-Requisites,7460
2008-Q3,Core Central Region,Uncompleted,Not Launch Yet,With Pre-Requisites,6337
2008-Q3,Outside Central Region,Completed,na,na,264
2008-Q3,Outside Central Region,Uncompleted,Launched,With Pre-Requisites,1163
2008-Q3,Outside Central Region,Uncompleted,na,Without Pre-Requisites,12710
2008-Q3,Outside Central Region,Uncompleted,Not Launch Yet,With Pre-Requisites,2584
2008-Q3,Rest of Central Region,Completed,na,na,53
2008-Q3,Rest of Central Region,Uncompleted,Launched,With Pre-Requisites,1362
2008-Q3,Rest of Central Region,Uncompleted,na,Without Pre-Requisites,6883
2008-Q3,Rest of Central Region,Uncompleted,Not Launch Yet,With Pre-Requisites,3374
2008-Q4,Core Central Region,Completed,na,na,453
2008-Q4,Core Central Region,Uncompleted,Launched,With Pre-Requisites,1211
2008-Q4,Core Central Region,Uncompleted,na,Without Pre-Requisites,7306
2008-Q4,Core Central Region,Uncompleted,Not Launch Yet,With Pre-Requisites,6558
2008-Q4,Outside Central Region,Completed,na,na,129
2008-Q4,Outside Central Region,Uncompleted,Launched,With Pre-Requisites,1137
2008-Q4,Outside Central Region,Uncompleted,na,Without Pre-Requisites,11342
2008-Q4,Outside Central Region,Uncompleted,Not Launch Yet,With Pre-Requisites,4284
2008-Q4,Rest of Central Region,Completed,na,na,21
2008-Q4,Rest of Central Region,Uncompleted,Launched,With Pre-Requisites,1532
2008-Q4,Rest of Central Region,Uncompleted,na,Without Pre-Requisites,6500
2008-Q4,Rest of Central Region,Uncompleted,Not Launch Yet,With Pre-Requisites,3544
2009-Q1,Core Central Region,Completed,na,na,486
2009-Q1,Core Central Region,Uncompleted,Launched,With Pre-Requisites,1018
2009-Q1,Core Central Region,Uncompleted,na,Without Pre-Requisites,7716
2009-Q1,Core Central Region,Uncompleted,Not Launch Yet,With Pre-Requisites,6860
2009-Q1,Outside Central Region,Completed,na,na,141
2009-Q1,Outside Central Region,Uncompleted,Launched,With Pre-Requisites,827
2009-Q1,Outside Central Region,Uncompleted,na,Without Pre-Requisites,10610
2009-Q1,Outside Central Region,Uncompleted,Not Launch Yet,With Pre-Requisites,3738
2009-Q1,Rest of Central Region,Completed,na,na,55
2009-Q1,Rest of Central Region,Uncompleted,Launched,With Pre-Requisites,1488
2009-Q1,Rest of Central Region,Uncompleted,na,Without Pre-Requisites,6118
2009-Q1,Rest of Central Region,Uncompleted,Not Launch Yet,With Pre-Requisites,3670
2009-Q2,Core Central Region,Completed,na,na,486
2009-Q2,Core Central Region,Uncompleted,Launched,With Pre-Requisites,692
2009-Q2,Core Central Region,Uncompleted,na,Without Pre-Requisites,7369
2009-Q2,Core Central Region,Uncompleted,Not Launch Yet,With Pre-Requisites,6454
2009-Q2,Outside Central Region,Completed,na,na,124
2009-Q2,Outside Central Region,Uncompleted,Launched,With Pre-Requisites,790
2009-Q2,Outside Central Region,Uncompleted,na,Without Pre-Requisites,10223
2009-Q2,Outside Central Region,Uncompleted,Not Launch Yet,With Pre-Requisites,3011
2009-Q2,Rest of Central Region,Completed,na,na,58
2009-Q2,Rest of Central Region,Uncompleted,Launched,With Pre-Requisites,1112
2009-Q2,Rest of Central Region,Uncompleted,na,Without Pre-Requisites,5762
2009-Q2,Rest of Central Region,Uncompleted,Not Launch Yet,With Pre-Requisites,3069
2009-Q3,Core Central Region,Completed,na,na,101
2009-Q3,Core Central Region,Uncompleted,Launched,With Pre-Requisites,768
2009-Q3,Core Central Region,Uncompleted,na,Without Pre-Requisites,7354
2009-Q3,Core Central Region,Uncompleted,Not Launch Yet,With Pre-Requisites,5608
2009-Q3,Outside Central Region,Completed,na,na,82
2009-Q3,Outside Central Region,Uncompleted,Launched,With Pre-Requisites,991
2009-Q3,Outside Central Region,Uncompleted,na,Without Pre-Requisites,9561
2009-Q3,Outside Central Region,Uncompleted,Not Launch Yet,With Pre-Requisites,1662
2009-Q3,Rest of Central Region,Completed,na,na,70
2009-Q3,Rest of Central Region,Uncompleted,Launched,With Pre-Requisites,1201
2009-Q3,Rest of Central Region,Uncompleted,na,Without Pre-Requisites,3792
2009-Q3,Rest of Central Region,Uncompleted,Not Launch Yet,With Pre-Requisites,3183
2009-Q4,Core Central Region,Completed,na,na,121
2009-Q4,Core Central Region,Uncompleted,Launched,With Pre-Requisites,998
2009-Q4,Core Central Region,Uncompleted,na,Without Pre-Requisites,7214
2009-Q4,Core Central Region,Uncompleted,Not Launch Yet,With Pre-Requisites,5316
2009-Q4,Outside Central Region,Completed,na,na,84
2009-Q4,Outside Central Region,Uncompleted,Launched,With Pre-Requisites,1082
2009-Q4,Outside Central Region,Uncompleted,na,Without Pre-Requisites,9226
2009-Q4,Outside Central Region,Uncompleted,Not Launch Yet,With Pre-Requisites,2083
2009-Q4,Rest of Central Region,Completed,na,na,44
2009-Q4,Rest of Central Region,Uncompleted,Launched,With Pre-Requisites,1237
2009-Q4,Rest of Central Region,Uncompleted,na,Without Pre-Requisites,3857
2009-Q4,Rest of Central Region,Uncompleted,Not Launch Yet,With Pre-Requisites,3221
2010-Q1,Core Central Region,Completed,na,na,155
2010-Q1,Core Central Region,Uncompleted,Launched,With Pre-Requisites,1069
2010-Q1,Core Central Region,Uncompleted,na,Without Pre-Requisites,7129
2010-Q1,Core Central Region,Uncompleted,Not Launch Yet,With Pre-Requisites,4115
2010-Q1,Outside Central Region,Completed,na,na,72
2010-Q1,Outside Central Region,Uncompleted,Launched,With Pre-Requisites,988
2010-Q1,Outside Central Region,Uncompleted,na,Without Pre-Requisites,9014
2010-Q1,Outside Central Region,Uncompleted,Not Launch Yet,With Pre-Requisites,2122
2010-Q1,Rest of Central Region,Completed,na,na,24
2010-Q1,Rest of Central Region,Uncompleted,Launched,With Pre-Requisites,1250
2010-Q1,Rest of Central Region,Uncompleted,na,Without Pre-Requisites,5042
2010-Q1,Rest of Central Region,Uncompleted,Not Launch Yet,With Pre-Requisites,3504
2010-Q2,Core Central Region,Completed,na,na,238
2010-Q2,Core Central Region,Uncompleted,Launched,With Pre-Requisites,943
2010-Q2,Core Central Region,Uncompleted,na,Without Pre-Requisites,6916
2010-Q2,Core Central Region,Uncompleted,Not Launch Yet,With Pre-Requisites,4286
2010-Q2,Outside Central Region,Completed,na,na,76
2010-Q2,Outside Central Region,Uncompleted,Launched,With Pre-Requisites,1103
2010-Q2,Outside Central Region,Uncompleted,na,Without Pre-Requisites,7485
2010-Q2,Outside Central Region,Uncompleted,Not Launch Yet,With Pre-Requisites,3664
2010-Q2,Rest of Central Region,Completed,na,na,55
2010-Q2,Rest of Central Region,Uncompleted,Launched,With Pre-Requisites,1422
2010-Q2,Rest of Central Region,Uncompleted,na,Without Pre-Requisites,3764
2010-Q2,Rest of Central Region,Uncompleted,Not Launch Yet,With Pre-Requisites,3047
2010-Q3,Core Central Region,Completed,na,na,477
2010-Q3,Core Central Region,Uncompleted,Launched,With Pre-Requisites,986
2010-Q3,Core Central Region,Uncompleted,na,Without Pre-Requisites,4672
2010-Q3,Core Central Region,Uncompleted,Not Launch Yet,With Pre-Requisites,6212
2010-Q3,Outside Central Region,Completed,na,na,85
2010-Q3,Outside Central Region,Uncompleted,Launched,With Pre-Requisites,985
2010-Q3,Outside Central Region,Uncompleted,na,Without Pre-Requisites,10053
2010-Q3,Outside Central Region,Uncompleted,Not Launch Yet,With Pre-Requisites,2585
2010-Q3,Rest of Central Region,Completed,na,na,119
2010-Q3,Rest of Central Region,Uncompleted,Launched,With Pre-Requisites,1277
2010-Q3,Rest of Central Region,Uncompleted,na,Without Pre-Requisites,4416
2010-Q3,Rest of Central Region,Uncompleted,Not Launch Yet,With Pre-Requisites,2585
2010-Q4,Core Central Region,Completed,na,na,411
2010-Q4,Core Central Region,Uncompleted,Launched,With Pre-Requisites,946
2010-Q4,Core Central Region,Uncompleted,na,Without Pre-Requisites,4415
2010-Q4,Core Central Region,Uncompleted,Not Launch Yet,With Pre-Requisites,6111
2010-Q4,Outside Central Region,Completed,na,na,117
2010-Q4,Outside Central Region,Uncompleted,Launched,With Pre-Requisites,1609
2010-Q4,Outside Central Region,Uncompleted,na,Without Pre-Requisites,9747
2010-Q4,Outside Central Region,Uncompleted,Not Launch Yet,With Pre-Requisites,1782
2010-Q4,Rest of Central Region,Completed,na,na,235
2010-Q4,Rest of Central Region,Uncompleted,Launched,With Pre-Requisites,973
2010-Q4,Rest of Central Region,Uncompleted,na,Without Pre-Requisites,4686
2010-Q4,Rest of Central Region,Uncompleted,Not Launch Yet,With Pre-Requisites,2507
2011-Q1,Core Central Region,Completed,na,na,734
2011-Q1,Core Central Region,Uncompleted,Launched,With Pre-Requisites,1074
2011-Q1,Core Central Region,Uncompleted,na,Without Pre-Requisites,4785
2011-Q1,Core Central Region,Uncompleted,Not Launch Yet,With Pre-Requisites,5465
2011-Q1,Outside Central Region,Completed,na,na,139
2011-Q1,Outside Central Region,Uncompleted,Launched,With Pre-Requisites,1704
2011-Q1,Outside Central Region,Uncompleted,na,Without Pre-Requisites,10492
2011-Q1,Outside Central Region,Uncompleted,Not Launch Yet,With Pre-Requisites,2416
2011-Q1,Rest of Central Region,Completed,na,na,133
2011-Q1,Rest of Central Region,Uncompleted,Launched,With Pre-Requisites,1401
2011-Q1,Rest of Central Region,Uncompleted,na,Without Pre-Requisites,5011
2011-Q1,Rest of Central Region,Uncompleted,Not Launch Yet,With Pre-Requisites,1918
2011-Q2,Core Central Region,Completed,na,na,1094
2011-Q2,Core Central Region,Uncompleted,Launched,With Pre-Requisites,1027
2011-Q2,Core Central Region,Uncompleted,na,Without Pre-Requisites,4713
2011-Q2,Core Central Region,Uncompleted,Not Launch Yet,With Pre-Requisites,4569
2011-Q2,Outside Central Region,Completed,na,na,129
2011-Q2,Outside Central Region,Uncompleted,Launched,With Pre-Requisites,2219
2011-Q2,Outside Central Region,Uncompleted,na,Without Pre-Requisites,10908
2011-Q2,Outside Central Region,Uncompleted,Not Launch Yet,With Pre-Requisites,2853
2011-Q2,Rest of Central Region,Completed,na,na,69
2011-Q2,Rest of Central Region,Uncompleted,Launched,With Pre-Requisites,1357
2011-Q2,Rest of Central Region,Uncompleted,na,Without Pre-Requisites,4067
2011-Q2,Rest of Central Region,Uncompleted,Not Launch Yet,With Pre-Requisites,2186
2011-Q3,Core Central Region,Completed,na,na,1113
2011-Q3,Core Central Region,Uncompleted,Launched,With Pre-Requisites,1080
2011-Q3,Core Central Region,Uncompleted,na,Without Pre-Requisites,4789
2011-Q3,Core Central Region,Uncompleted,Not Launch Yet,With Pre-Requisites,4705
2011-Q3,Outside Central Region,Completed,na,na,98
2011-Q3,Outside Central Region,Uncompleted,Launched,With Pre-Requisites,2284
2011-Q3,Outside Central Region,Uncompleted,na,Without Pre-Requisites,13702
2011-Q3,Outside Central Region,Uncompleted,Not Launch Yet,With Pre-Requisites,3298
2011-Q3,Rest of Central Region,Completed,na,na,68
2011-Q3,Rest of Central Region,Uncompleted,Launched,With Pre-Requisites,1680
2011-Q3,Rest of Central Region,Uncompleted,na,Without Pre-Requisites,5824
2011-Q3,Rest of Central Region,Uncompleted,Not Launch Yet,With Pre-Requisites,1749
2011-Q4,Core Central Region,Completed,na,na,768
2011-Q4,Core Central Region,Uncompleted,Launched,With Pre-Requisites,1326
2011-Q4,Core Central Region,Uncompleted,na,Without Pre-Requisites,4906
2011-Q4,Core Central Region,Uncompleted,Not Launch Yet,With Pre-Requisites,4509
2011-Q4,Outside Central Region,Completed,na,na,96
2011-Q4,Outside Central Region,Uncompleted,Launched,With Pre-Requisites,2654
2011-Q4,Outside Central Region,Uncompleted,na,Without Pre-Requisites,12552
2011-Q4,Outside Central Region,Uncompleted,Not Launch Yet,With Pre-Requisites,4887
2011-Q4,Rest of Central Region,Completed,na,na,382
2011-Q4,Rest of Central Region,Uncompleted,Launched,With Pre-Requisites,1604
2011-Q4,Rest of Central Region,Uncompleted,na,Without Pre-Requisites,4642
2011-Q4,Rest of Central Region,Uncompleted,Not Launch Yet,With Pre-Requisites,2104
2012-Q1,Core Central Region,Completed,na,na,741
2012-Q1,Core Central Region,Uncompleted,Launched,With Pre-Requisites,1324
2012-Q1,Core Central Region,Uncompleted,na,Without Pre-Requisites,4429
2012-Q1,Core Central Region,Uncompleted,Not Launch Yet,With Pre-Requisites,4976
2012-Q1,Outside Central Region,Completed,na,na,88
2012-Q1,Outside Central Region,Uncompleted,Launched,With Pre-Requisites,3079
2012-Q1,Outside Central Region,Uncompleted,na,Without Pre-Requisites,9297
2012-Q1,Outside Central Region,Uncompleted,Not Launch Yet,With Pre-Requisites,4552
2012-Q1,Rest of Central Region,Completed,na,na,389
2012-Q1,Rest of Central Region,Uncompleted,Launched,With Pre-Requisites,1621
2012-Q1,Rest of Central Region,Uncompleted,na,Without Pre-Requisites,4658
2012-Q1,Rest of Central Region,Uncompleted,Not Launch Yet,With Pre-Requisites,2616
2012-Q2,Core Central Region,Completed,na,na,731
2012-Q2,Core Central Region,Uncompleted,Launched,With Pre-Requisites,1399
2012-Q2,Core Central Region,Uncompleted,na,Without Pre-Requisites,6014
2012-Q2,Core Central Region,Uncompleted,Not Launch Yet,With Pre-Requisites,4711
2012-Q2,Outside Central Region,Completed,na,na,74
2012-Q2,Outside Central Region,Uncompleted,Launched,With Pre-Requisites,3321
2012-Q2,Outside Central Region,Uncompleted,na,Without Pre-Requisites,10132
2012-Q2,Outside Central Region,Uncompleted,Not Launch Yet,With Pre-Requisites,3980
2012-Q2,Rest of Central Region,Completed,na,na,428
2012-Q2,Rest of Central Region,Uncompleted,Launched,With Pre-Requisites,2042
2012-Q2,Rest of Central Region,Uncompleted,na,Without Pre-Requisites,5308
2012-Q2,Rest of Central Region,Uncompleted,Not Launch Yet,With Pre-Requisites,1268
2012-Q3,Core Central Region,Completed,na,na,654
2012-Q3,Core Central Region,Uncompleted,Launched,With Pre-Requisites,1336
2012-Q3,Core Central Region,Uncompleted,na,Without Pre-Requisites,5553
2012-Q3,Core Central Region,Uncompleted,Not Launch Yet,With Pre-Requisites,4560
2012-Q3,Outside Central Region,Completed,na,na,70
2012-Q3,Outside Central Region,Uncompleted,Launched,With Pre-Requisites,2856
2012-Q3,Outside Central Region,Uncompleted,na,Without Pre-Requisites,11792
2012-Q3,Outside Central Region,Uncompleted,Not Launch Yet,With Pre-Requisites,1967
2012-Q3,Rest of Central Region,Completed,na,na,398
2012-Q3,Rest of Central Region,Uncompleted,Launched,With Pre-Requisites,1806
2012-Q3,Rest of Central Region,Uncompleted,na,Without Pre-Requisites,5584
2012-Q3,Rest of Central Region,Uncompleted,Not Launch Yet,With Pre-Requisites,1152
2012-Q4,Core Central Region,Completed,na,na,615
2012-Q4,Core Central Region,Uncompleted,Launched,With Pre-Requisites,1343
2012-Q4,Core Central Region,Uncompleted,na,Without Pre-Requisites,5724
2012-Q4,Core Central Region,Uncompleted,Not Launch Yet,With Pre-Requisites,4293
2012-Q4,Outside Central Region,Completed,na,na,79
2012-Q4,Outside Central Region,Uncompleted,Launched,With Pre-Requisites,1885
2012-Q4,Outside Central Region,Uncompleted,na,Without Pre-Requisites,10238
2012-Q4,Outside Central Region,Uncompleted,Not Launch Yet,With Pre-Requisites,3244
2012-Q4,Rest of Central Region,Completed,na,na,130
2012-Q4,Rest of Central Region,Uncompleted,Launched,With Pre-Requisites,1909
2012-Q4,Rest of Central Region,Uncompleted,na,Without Pre-Requisites,6446
2012-Q4,Rest of Central Region,Uncompleted,Not Launch Yet,With Pre-Requisites,1270
2013-Q1,Core Central Region,Completed,na,na,349
2013-Q1,Core Central Region,Uncompleted,Launched,With Pre-Requisites,1160
2013-Q1,Core Central Region,Uncompleted,na,Without Pre-Requisites,6059
2013-Q1,Core Central Region,Uncompleted,Not Launch Yet,With Pre-Requisites,3904
2013-Q1,Outside Central Region,Completed,na,na,148
2013-Q1,Outside Central Region,Uncompleted,Launched,With Pre-Requisites,2063
2013-Q1,Outside Central Region,Uncompleted,na,Without Pre-Requisites,7847
2013-Q1,Outside Central Region,Uncompleted,Not Launch Yet,With Pre-Requisites,3614
2013-Q1,Rest of Central Region,Completed,na,na,110
2013-Q1,Rest of Central Region,Uncompleted,Launched,With Pre-Requisites,2040
2013-Q1,Rest of Central Region,Uncompleted,na,Without Pre-Requisites,6603
2013-Q1,Rest of Central Region,Uncompleted,Not Launch Yet,With Pre-Requisites,2274
2013-Q2,Core Central Region,Completed,na,na,491
2013-Q2,Core Central Region,Uncompleted,Launched,With Pre-Requisites,1139
2013-Q2,Core Central Region,Uncompleted,na,Without Pre-Requisites,5562
2013-Q2,Core Central Region,Uncompleted,Not Launch Yet,With Pre-Requisites,3660
2013-Q2,Outside Central Region,Completed,na,na,127
2013-Q2,Outside Central Region,Uncompleted,Launched,With Pre-Requisites,2102
2013-Q2,Outside Central Region,Uncompleted,na,Without Pre-Requisites,7688
2013-Q2,Outside Central Region,Uncompleted,Not Launch Yet,With Pre-Requisites,3211
2013-Q2,Rest of Central Region,Completed,na,na,42
2013-Q2,Rest of Central Region,Uncompleted,Launched,With Pre-Requisites,2002
2013-Q2,Rest of Central Region,Uncompleted,na,Without Pre-Requisites,6603
2013-Q2,Rest of Central Region,Uncompleted,Not Launch Yet,With Pre-Requisites,1288
2013-Q3,Core Central Region,Completed,na,na,840
2013-Q3,Core Central Region,Uncompleted,Launched,With Pre-Requisites,1137
2013-Q3,Core Central Region,Uncompleted,na,Without Pre-Requisites,3901
2013-Q3,Core Central Region,Uncompleted,Not Launch Yet,With Pre-Requisites,4660
2013-Q3,Outside Central Region,Completed,na,na,130
2013-Q3,Outside Central Region,Uncompleted,Launched,With Pre-Requisites,2979
2013-Q3,Outside Central Region,Uncompleted,na,Without Pre-Requisites,6014
2013-Q3,Outside Central Region,Uncompleted,Not Launch Yet,With Pre-Requisites,3532
2013-Q3,Rest of Central Region,Completed,na,na,258
2013-Q3,Rest of Central Region,Uncompleted,Launched,With Pre-Requisites,1845
2013-Q3,Rest of Central Region,Uncompleted,na,Without Pre-Requisites,4353
2013-Q3,Rest of Central Region,Uncompleted,Not Launch Yet,With Pre-Requisites,2583
2013-Q4,Core Central Region,Completed,na,na,878
2013-Q4,Core Central Region,Uncompleted,Launched,With Pre-Requisites,1461
2013-Q4,Core Central Region,Uncompleted,na,Without Pre-Requisites,2936
2013-Q4,Core Central Region,Uncompleted,Not Launch Yet,With Pre-Requisites,4812
2013-Q4,Outside Central Region,Completed,na,na,135
2013-Q4,Outside Central Region,Uncompleted,Launched,With Pre-Requisites,2735
2013-Q4,Outside Central Region,Uncompleted,na,Without Pre-Requisites,6500
2013-Q4,Outside Central Region,Uncompleted,Not Launch Yet,With Pre-Requisites,4156
2013-Q4,Rest of Central Region,Completed,na,na,250
2013-Q4,Rest of Central Region,Uncompleted,Launched,With Pre-Requisites,1928
2013-Q4,Rest of Central Region,Uncompleted,na,Without Pre-Requisites,3916
2013-Q4,Rest of Central Region,Uncompleted,Not Launch Yet,With Pre-Requisites,2375
2014-Q1,Core Central Region,Completed,na,na,845
2014-Q1,Core Central Region,Uncompleted,Launched,With Pre-Requisites,1363
2014-Q1,Core Central Region,Uncompleted,na,Without Pre-Requisites,3198
2014-Q1,Core Central Region,Uncompleted,Not Launch Yet,With Pre-Requisites,4889
2014-Q1,Outside Central Region,Completed,na,na,105
2014-Q1,Outside Central Region,Uncompleted,Launched,With Pre-Requisites,3163
2014-Q1,Outside Central Region,Uncompleted,na,Without Pre-Requisites,4403
2014-Q1,Outside Central Region,Uncompleted,Not Launch Yet,With Pre-Requisites,4762
2014-Q1,Rest of Central Region,Completed,na,na,385
2014-Q1,Rest of Central Region,Uncompleted,Launched,With Pre-Requisites,1721
2014-Q1,Rest of Central Region,Uncompleted,na,Without Pre-Requisites,2053
2014-Q1,Rest of Central Region,Uncompleted,Not Launch Yet,With Pre-Requisites,3930
2014-Q2,Core Central Region,Completed,na,na,894
2014-Q2,Core Central Region,Uncompleted,Launched,With Pre-Requisites,1422
2014-Q2,Core Central Region,Uncompleted,na,Without Pre-Requisites,2615
2014-Q2,Core Central Region,Uncompleted,Not Launch Yet,With Pre-Requisites,4739
2014-Q2,Outside Central Region,Completed,na,na,104
2014-Q2,Outside Central Region,Uncompleted,Launched,With Pre-Requisites,3127
2014-Q2,Outside Central Region,Uncompleted,na,Without Pre-Requisites,3444
2014-Q2,Outside Central Region,Uncompleted,Not Launch Yet,With Pre-Requisites,4667
2014-Q2,Rest of Central Region,Completed,na,na,414
2014-Q2,Rest of Central Region,Uncompleted,Launched,With Pre-Requisites,1762
2014-Q2,Rest of Central Region,Uncompleted,na,Without Pre-Requisites,1703
2014-Q2,Rest of Central Region,Uncompleted,Not Launch Yet,With Pre-Requisites,3545
2014-Q3,Core Central Region,Completed,na,na,937
2014-Q3,Core Central Region,Uncompleted,Launched,With Pre-Requisites,1308
2014-Q3,Core Central Region,Uncompleted,na,Without Pre-Requisites,2639
2014-Q3,Core Central Region,Uncompleted,Not Launch Yet,With Pre-Requisites,4585
2014-Q3,Outside Central Region,Completed,na,na,172
2014-Q3,Outside Central Region,Uncompleted,Launched,With Pre-Requisites,2877
2014-Q3,Outside Central Region,Uncompleted,na,Without Pre-Requisites,5062
2014-Q3,Outside Central Region,Uncompleted,Not Launch Yet,With Pre-Requisites,4152
2014-Q3,Rest of Central Region,Completed,na,na,379
2014-Q3,Rest of Central Region,Uncompleted,Launched,With Pre-Requisites,1660
2014-Q3,Rest of Central Region,Uncompleted,na,Without Pre-Requisites,2775
2014-Q3,Rest of Central Region,Uncompleted,Not Launch Yet,With Pre-Requisites,3062
2014-Q4,Core Central Region,Completed,na,na,1480
2014-Q4,Core Central Region,Uncompleted,Launched,With Pre-Requisites,1508
2014-Q4,Core Central Region,Uncompleted,na,Without Pre-Requisites,2095
2014-Q4,Core Central Region,Uncompleted,Not Launch Yet,With Pre-Requisites,3895
2014-Q4,Outside Central Region,Completed,na,na,163
2014-Q4,Outside Central Region,Uncompleted,Launched,With Pre-Requisites,2619
2014-Q4,Outside Central Region,Uncompleted,na,Without Pre-Requisites,4965
2014-Q4,Outside Central Region,Uncompleted,Not Launch Yet,With Pre-Requisites,3899
2014-Q4,Rest of Central Region,Completed,na,na,394
2014-Q4,Rest of Central Region,Uncompleted,Launched,With Pre-Requisites,1623
2014-Q4,Rest of Central Region,Uncompleted,na,Without Pre-Requisites,3095
2014-Q4,Rest of Central Region,Uncompleted,Not Launch Yet,With Pre-Requisites,3043
2015-Q1,Core Central Region,Completed,na,na,1905
2015-Q1,Core Central Region,Uncompleted,Launched,With Pre-Requisites,1453
2015-Q1,Core Central Region,Uncompleted,na,Without Pre-Requisites,1865
2015-Q1,Core Central Region,Uncompleted,Not Launch Yet,With Pre-Requisites,3382
2015-Q1,Outside Central Region,Completed,na,na,159
2015-Q1,Outside Central Region,Uncompleted,Launched,With Pre-Requisites,2647
2015-Q1,Outside Central Region,Uncompleted,na,Without Pre-Requisites,2781
2015-Q1,Outside Central Region,Uncompleted,Not Launch Yet,With Pre-Requisites,6634
2015-Q1,Rest of Central Region,Completed,na,na,252
2015-Q1,Rest of Central Region,Uncompleted,Launched,With Pre-Requisites,1536
2015-Q1,Rest of Central Region,Uncompleted,na,Without Pre-Requisites,3056
2015-Q1,Rest of Central Region,Uncompleted,Not Launch Yet,With Pre-Requisites,3707
2015-Q2,Core Central Region,Completed,na,na,1917
2015-Q2,Core Central Region,Uncompleted,Launched,With Pre-Requisites,1401
2015-Q2,Core Central Region,Uncompleted,na,Without Pre-Requisites,1781
2015-Q2,Core Central Region,Uncompleted,Not Launch Yet,With Pre-Requisites,3112
2015-Q2,Outside Central Region,Completed,na,na,171
2015-Q2,Outside Central Region,Uncompleted,Launched,With Pre-Requisites,2748
2015-Q2,Outside Central Region,Uncompleted,na,Without Pre-Requisites,1382
2015-Q2,Outside Central Region,Uncompleted,Not Launch Yet,With Pre-Requisites,6229
2015-Q2,Rest of Central Region,Completed,na,na,382
2015-Q2,Rest of Central Region,Uncompleted,Launched,With Pre-Requisites,1973
2015-Q2,Rest of Central Region,Uncompleted,na,Without Pre-Requisites,3011
2015-Q2,Rest of Central Region,Uncompleted,Not Launch Yet,With Pre-Requisites,2798
2015-Q3,Core Central Region,Completed,na,na,1261
2015-Q3,Core Central Region,Uncompleted,Launched,With Pre-Requisites,1364
2015-Q3,Core Central Region,Uncompleted,na,Without Pre-Requisites,1294
2015-Q3,Core Central Region,Uncompleted,Not Launch Yet,With Pre-Requisites,2993
2015-Q3,Outside Central Region,Completed,na,na,259
2015-Q3,Outside Central Region,Uncompleted,Launched,With Pre-Requisites,2773
2015-Q3,Outside Central Region,Uncompleted,na,Without Pre-Requisites,1979
2015-Q3,Outside Central Region,Uncompleted,Not Launch Yet,With Pre-Requisites,3989
2015-Q3,Rest of Central Region,Completed,na,na,173
2015-Q3,Rest of Central Region,Uncompleted,Launched,With Pre-Requisites,1921
2015-Q3,Rest of Central Region,Uncompleted,na,Without Pre-Requisites,2610
2015-Q3,Rest of Central Region,Uncompleted,Not Launch Yet,With Pre-Requisites,3533
2015-Q4,Core Central Region,Completed,na,na,833
2015-Q4,Core Central Region,Uncompleted,Launched,With Pre-Requisites,1252
2015-Q4,Core Central Region,Uncompleted,na,Without Pre-Requisites,1466
2015-Q4,Core Central Region,Uncompleted,Not Launch Yet,With Pre-Requisites,2843
2015-Q4,Outside Central Region,Completed,na,na,259
2015-Q4,Outside Central Region,Uncompleted,Launched,With Pre-Requisites,2551
2015-Q4,Outside Central Region,Uncompleted,na,Without Pre-Requisites,3284
2015-Q4,Outside Central Region,Uncompleted,Not Launch Yet,With Pre-Requisites,3641
2015-Q4,Rest of Central Region,Completed,na,na,183
2015-Q4,Rest of Central Region,Uncompleted,Launched,With Pre-Requisites,1933
2015-Q4,Rest of Central Region,Uncompleted,na,Without Pre-Requisites,3022
2015-Q4,Rest of Central Region,Uncompleted,Not Launch Yet,With Pre-Requisites,3279
2016-Q1,Core Central Region,Completed,na,na,790
2016-Q1,Core Central Region,Uncompleted,Launched,With Pre-Requisites,1169
2016-Q1,Core Central Region,Uncompleted,na,Without Pre-Requisites,1428
2016-Q1,Core Central Region,Uncompleted,Not Launch Yet,With Pre-Requisites,2634
2016-Q1,Outside Central Region,Completed,na,na,301
2016-Q1,Outside Central Region,Uncompleted,Launched,With Pre-Requisites,2162
2016-Q1,Outside Central Region,Uncompleted,na,Without Pre-Requisites,3835
2016-Q1,Outside Central Region,Uncompleted,Not Launch Yet,With Pre-Requisites,3334
2016-Q1,Rest of Central Region,Completed,na,na,274
2016-Q1,Rest of Central Region,Uncompleted,Launched,With Pre-Requisites,1851
2016-Q1,Rest of Central Region,Uncompleted,na,Without Pre-Requisites,2631
2016-Q1,Rest of Central Region,Uncompleted,Not Launch Yet,With Pre-Requisites,3326
2016-Q2,Core Central Region,Completed,na,na,851
2016-Q2,Core Central Region,Uncompleted,Launched,With Pre-Requisites,1112
2016-Q2,Core Central Region,Uncompleted,na,Without Pre-Requisites,1635
2016-Q2,Core Central Region,Uncompleted,Not Launch Yet,With Pre-Requisites,2195
2016-Q2,Outside Central Region,Completed,na,na,633
2016-Q2,Outside Central Region,Uncompleted,Launched,With Pre-Requisites,1934
2016-Q2,Outside Central Region,Uncompleted,na,Without Pre-Requisites,4039
2016-Q2,Outside Central Region,Uncompleted,Not Launch Yet,With Pre-Requisites,3280
2016-Q2,Rest of Central Region,Completed,na,na,309
2016-Q2,Rest of Central Region,Uncompleted,Launched,With Pre-Requisites,2167
2016-Q2,Rest of Central Region,Uncompleted,na,Without Pre-Requisites,2653
2016-Q2,Rest of Central Region,Uncompleted,Not Launch Yet,With Pre-Requisites,2474
2016-Q3,Core Central Region,Completed,na,na,753
2016-Q3,Core Central Region,Uncompleted,Launched,With Pre-Requisites,948
2016-Q3,Core Central Region,Uncompleted,na,Without Pre-Requisites,1653
2016-Q3,Core Central Region,Uncompleted,Not Launch Yet,With Pre-Requisites,2110
2016-Q3,Outside Central Region,Completed,na,na,629
2016-Q3,Outside Central Region,Uncompleted,Launched,With Pre-Requisites,1765
2016-Q3,Outside Central Region,Uncompleted,na,Without Pre-Requisites,2943
2016-Q3,Outside Central Region,Uncompleted,Not Launch Yet,With Pre-Requisites,4028
2016-Q3,Rest of Central Region,Completed,na,na,543
2016-Q3,Rest of Central Region,Uncompleted,Launched,With Pre-Requisites,1985
2016-Q3,Rest of Central Region,Uncompleted,na,Without Pre-Requisites,2408
2016-Q3,Rest of Central Region,Uncompleted,Not Launch Yet,With Pre-Requisites,2737
2016-Q4,Core Central Region,Completed,na,na,853
2016-Q4,Core Central Region,Uncompleted,Launched,With Pre-Requisites,778
2016-Q4,Core Central Region,Uncompleted,na,Without Pre-Requisites,2465
2016-Q4,Core Central Region,Uncompleted,Not Launch Yet,With Pre-Requisites,1698
2016-Q4,Outside Central Region,Completed,na,na,640
2016-Q4,Outside Central Region,Uncompleted,Launched,With Pre-Requisites,1837
2016-Q4,Outside Central Region,Uncompleted,na,Without Pre-Requisites,2348
2016-Q4,Outside Central Region,Uncompleted,Not Launch Yet,With Pre-Requisites,3533
2016-Q4,Rest of Central Region,Completed,na,na,538
2016-Q4,Rest of Central Region,Uncompleted,Launched,With Pre-Requisites,2591
2016-Q4,Rest of Central Region,Uncompleted,na,Without Pre-Requisites,2017
2016-Q4,Rest of Central Region,Uncompleted,Not Launch Yet,With Pre-Requisites,1804
2017-Q1,Core Central Region,Completed,na,na,633
2017-Q1,Core Central Region,Uncompleted,Launched,With Pre-Requisites,591
2017-Q1,Core Central Region,Uncompleted,na,Without Pre-Requisites,2642
2017-Q1,Core Central Region,Uncompleted,Not Launch Yet,With Pre-Requisites,1689
2017-Q1,Outside Central Region,Completed,na,na,465
2017-Q1,Outside Central Region,Uncompleted,Launched,With Pre-Requisites,1555
2017-Q1,Outside Central Region,Uncompleted,na,Without Pre-Requisites,1471
2017-Q1,Outside Central Region,Uncompleted,Not Launch Yet,With Pre-Requisites,2878
2017-Q1,Rest of Central Region,Completed,na,na,779
2017-Q1,Rest of Central Region,Uncompleted,Launched,With Pre-Requisites,2037
2017-Q1,Rest of Central Region,Uncompleted,na,Without Pre-Requisites,1482
2017-Q1,Rest of Central Region,Uncompleted,Not Launch Yet,With Pre-Requisites,1585
2017-Q2,Core Central Region,Completed,na,na,659
2017-Q2,Core Central Region,Uncompleted,Launched,With Pre-Requisites,454
2017-Q2,Core Central Region,Uncompleted,na,Without Pre-Requisites,2278
2017-Q2,Core Central Region,Uncompleted,Not Launch Yet,With Pre-Requisites,2070
2017-Q2,Outside Central Region,Completed,na,na,500
2017-Q2,Outside Central Region,Uncompleted,Launched,With Pre-Requisites,1416
2017-Q2,Outside Central Region,Uncompleted,na,Without Pre-Requisites,2072
2017-Q2,Outside Central Region,Uncompleted,Not Launch Yet,With Pre-Requisites,1968
2017-Q2,Rest of Central Region,Completed,na,na,685
2017-Q2,Rest of Central Region,Uncompleted,Launched,With Pre-Requisites,1450
2017-Q2,Rest of Central Region,Uncompleted,na,Without Pre-Requisites,2276
2017-Q2,Rest of Central Region,Uncompleted,Not Launch Yet,With Pre-Requisites,1101
2017-Q3,Core Central Region,Completed,na,na,908
2017-Q3,Core Central Region,Uncompleted,Launched,With Pre-Requisites,287
2017-Q3,Core Central Region,Uncompleted,na,Without Pre-Requisites,2420
2017-Q3,Core Central Region,Uncompleted,Not Launch Yet,With Pre-Requisites,1533
2017-Q3,Outside Central Region,Completed,na,na,204
2017-Q3,Outside Central Region,Uncompleted,Launched,With Pre-Requisites,874
2017-Q3,Outside Central Region,Uncompleted,na,Without Pre-Requisites,2337
2017-Q3,Outside Central Region,Uncompleted,Not Launch Yet,With Pre-Requisites,2129
2017-Q3,Rest of Central Region,Completed,na,na,278
2017-Q3,Rest of Central Region,Uncompleted,Launched,With Pre-Requisites,1062
2017-Q3,Rest of Central Region,Uncompleted,na,Without Pre-Requisites,4691
2017-Q3,Rest of Central Region,Uncompleted,Not Launch Yet,With Pre-Requisites,698
2017-Q4,Core Central Region,Completed,na,na,1519
2017-Q4,Core Central Region,Uncompleted,Launched,With Pre-Requisites,123
2017-Q4,Core Central Region,Uncompleted,na,Without Pre-Requisites,2413
2017-Q4,Core Central Region,Uncompleted,Not Launch Yet,With Pre-Requisites,775
2017-Q4,Outside Central Region,Completed,na,na,147
2017-Q4,Outside Central Region,Uncompleted,Launched,With Pre-Requisites,722
2017-Q4,Outside Central Region,Uncompleted,na,Without Pre-Requisites,2970
2017-Q4,Outside Central Region,Uncompleted,Not Launch Yet,With Pre-Requisites,1429
2017-Q4,Rest of Central Region,Completed,na,na,237
2017-Q4,Rest of Central Region,Uncompleted,Launched,With Pre-Requisites,659
2017-Q4,Rest of Central Region,Uncompleted,na,Without Pre-Requisites,9121
2017-Q4,Rest of Central Region,Uncompleted,Not Launch Yet,With Pre-Requisites,679
2018-Q1,Core Central Region,Completed,na,na,1622
2018-Q1,Core Central Region,Uncompleted,Launched,With Pre-Requisites,152
2018-Q1,Core Central Region,Uncompleted,na,Without Pre-Requisites,3684
2018-Q1,Core Central Region,Uncompleted,Not Launch Yet,With Pre-Requisites,467
2018-Q1,Outside Central Region,Completed,na,na,80
2018-Q1,Outside Central Region,Uncompleted,Launched,With Pre-Requisites,498
2018-Q1,Outside Central Region,Uncompleted,na,Without Pre-Requisites,4444
2018-Q1,Outside Central Region,Uncompleted,Not Launch Yet,With Pre-Requisites,2170
2018-Q1,Rest of Central Region,Completed,na,na,121
2018-Q1,Rest of Central Region,Uncompleted,Launched,With Pre-Requisites,416
2018-Q1,Rest of Central Region,Uncompleted,na,Without Pre-Requisites,10568
2018-Q1,Rest of Central Region,Uncompleted,Not Launch Yet,With Pre-Requisites,1115
2018-Q2,Core Central Region,Completed,na,na,1171
2018-Q2,Core Central Region,Uncompleted,Launched,With Pre-Requisites,196
2018-Q2,Core Central Region,Uncompleted,na,Without Pre-Requisites,3378
2018-Q2,Core Central Region,Uncompleted,Not Launch Yet,With Pre-Requisites,708
2018-Q2,Outside Central Region,Completed,na,na,146
2018-Q2,Outside Central Region,Uncompleted,Launched,With Pre-Requisites,765
2018-Q2,Outside Central Region,Uncompleted,na,Without Pre-Requisites,3793
2018-Q2,Outside Central Region,Uncompleted,Not Launch Yet,With Pre-Requisites,4215
2018-Q2,Rest of Central Region,Completed,na,na,194
2018-Q2,Rest of Central Region,Uncompleted,Launched,With Pre-Requisites,303
2018-Q2,Rest of Central Region,Uncompleted,na,Without Pre-Requisites,10135
2018-Q2,Rest of Central Region,Uncompleted,Not Launch Yet,With Pre-Requisites,3450
2018-Q3,Core Central Region,Completed,na,na,1090
2018-Q3,Core Central Region,Uncompleted,Launched,With Pre-Requisites,177
2018-Q3,Core Central Region,Uncompleted,na,Without Pre-Requisites,5595
2018-Q3,Core Central Region,Uncompleted,Not Launch Yet,With Pre-Requisites,791
2018-Q3,Outside Central Region,Completed,na,na,138
2018-Q3,Outside Central Region,Uncompleted,Launched,With Pre-Requisites,1096
2018-Q3,Outside Central Region,Uncompleted,na,Without Pre-Requisites,4769
2018-Q3,Outside Central Region,Uncompleted,Not Launch Yet,With Pre-Requisites,3772
2018-Q3,Rest of Central Region,Completed,na,na,217
2018-Q3,Rest of Central Region,Uncompleted,Launched,With Pre-Requisites,899
2018-Q3,Rest of Central Region,Uncompleted,na,Without Pre-Requisites,7896
2018-Q3,Rest of Central Region,Uncompleted,Not Launch Yet,With Pre-Requisites,5472
2018-Q4,Core Central Region,Completed,na,na,637
2018-Q4,Core Central Region,Uncompleted,Launched,With Pre-Requisites,302
2018-Q4,Core Central Region,Uncompleted,na,Without Pre-Requisites,5433
2018-Q4,Core Central Region,Uncompleted,Not Launch Yet,With Pre-Requisites,1696
2018-Q4,Outside Central Region,Completed,na,na,163
2018-Q4,Outside Central Region,Uncompleted,Launched,With Pre-Requisites,1042
2018-Q4,Outside Central Region,Uncompleted,na,Without Pre-Requisites,4863
2018-Q4,Outside Central Region,Uncompleted,Not Launch Yet,With Pre-Requisites,6780
2018-Q4,Rest of Central Region,Completed,na,na,262
2018-Q4,Rest of Central Region,Uncompleted,Launched,With Pre-Requisites,851
2018-Q4,Rest of Central Region,Uncompleted,na,Without Pre-Requisites,9119
2018-Q4,Rest of Central Region,Uncompleted,Not Launch Yet,With Pre-Requisites,4738
2019-Q1,Core Central Region,Completed,na,na,627
2019-Q1,Core Central Region,Uncompleted,Launched,With Pre-Requisites,490
2019-Q1,Core Central Region,Uncompleted,na,Without Pre-Requisites,6083
2019-Q1,Core Central Region,Uncompleted,Not Launch Yet,With Pre-Requisites,1644
2019-Q1,Outside Central Region,Completed,na,na,109
2019-Q1,Outside Central Region,Uncompleted,Launched,With Pre-Requisites,1783
2019-Q1,Outside Central Region,Uncompleted,na,Without Pre-Requisites,5493
2019-Q1,Outside Central Region,Uncompleted,Not Launch Yet,With Pre-Requisites,5549
2019-Q1,Rest of Central Region,Completed,na,na,224
2019-Q1,Rest of Central Region,Uncompleted,Launched,With Pre-Requisites,1218
2019-Q1,Rest of Central Region,Uncompleted,na,Without Pre-Requisites,9343
2019-Q1,Rest of Central Region,Uncompleted,Not Launch Yet,With Pre-Requisites,5236
2019-Q2,Core Central Region,Completed,na,na,591
2019-Q2,Core Central Region,Uncompleted,Launched,With Pre-Requisites,592
2019-Q2,Core Central Region,Uncompleted,na,Without Pre-Requisites,5002
2019-Q2,Core Central Region,Uncompleted,Not Launch Yet,With Pre-Requisites,2179
2019-Q2,Outside Central Region,Completed,na,na,106
2019-Q2,Outside Central Region,Uncompleted,Launched,With Pre-Requisites,1655
2019-Q2,Outside Central Region,Uncompleted,na,Without Pre-Requisites,2864
2019-Q2,Outside Central Region,Uncompleted,Not Launch Yet,With Pre-Requisites,7349
2019-Q2,Rest of Central Region,Completed,na,na,116
2019-Q2,Rest of Central Region,Uncompleted,Launched,With Pre-Requisites,1551
2019-Q2,Rest of Central Region,Uncompleted,na,Without Pre-Requisites,5794
2019-Q2,Rest of Central Region,Uncompleted,Not Launch Yet,With Pre-Requisites,6687
2019-Q3,Core Central Region,Completed,na,na,525
2019-Q3,Core Central Region,Uncompleted,Launched,With Pre-Requisites,825
2019-Q3,Core Central Region,Uncompleted,na,Without Pre-Requisites,5291
2019-Q3,Core Central Region,Uncompleted,Not Launch Yet,With Pre-Requisites,2276
2019-Q3,Outside Central Region,Completed,na,na,107
2019-Q3,Outside Central Region,Uncompleted,Launched,With Pre-Requisites,1657
2019-Q3,Outside Central Region,Uncompleted,na,Without Pre-Requisites,2177
2019-Q3,Outside Central Region,Uncompleted,Not Launch Yet,With Pre-Requisites,6597
2019-Q3,Rest of Central Region,Completed,na,na,97
2019-Q3,Rest of Central Region,Uncompleted,Launched,With Pre-Requisites,1895
2019-Q3,Rest of Central Region,Uncompleted,na,Without Pre-Requisites,5891
2019-Q3,Rest of Central Region,Uncompleted,Not Launch Yet,With Pre-Requisites,5339
2019-Q4,Core Central Region,Completed,na,na,117
2019-Q4,Core Central Region,Uncompleted,Launched,With Pre-Requisites,969
2019-Q4,Core Central Region,Uncompleted,na,Without Pre-Requisites,2589
2019-Q4,Core Central Region,Uncompleted,Not Launch Yet,With Pre-Requisites,4157
2019-Q4,Outside Central Region,Completed,na,na,109
2019-Q4,Outside Central Region,Uncompleted,Launched,With Pre-Requisites,1853
2019-Q4,Outside Central Region,Uncompleted,na,Without Pre-Requisites,2395
2019-Q4,Outside Central Region,Uncompleted,Not Launch Yet,With Pre-Requisites,5870
2019-Q4,Rest of Central Region,Completed,na,na,85
2019-Q4,Rest of Central Region,Uncompleted,Launched,With Pre-Requisites,1567
2019-Q4,Rest of Central Region,Uncompleted,na,Without Pre-Requisites,5652
2019-Q4,Rest of Central Region,Uncompleted,Not Launch Yet,With Pre-Requisites,5110
2020-Q1,Core Central Region,Completed,na,na,101
2020-Q1,Core Central Region,Uncompleted,Launched,With Pre-Requisites,1308
2020-Q1,Core Central Region,Uncompleted,na,Without Pre-Requisites,2874
2020-Q1,Core Central Region,Uncompleted,Not Launch Yet,With Pre-Requisites,3779
2020-Q1,Outside Central Region,Completed,na,na,56
2020-Q1,Outside Central Region,Uncompleted,Launched,With Pre-Requisites,1737
2020-Q1,Outside Central Region,Uncompleted,na,Without Pre-Requisites,2293
2020-Q1,Outside Central Region,Uncompleted,Not Launch Yet,With Pre-Requisites,5392
2020-Q1,Rest of Central Region,Completed,na,na,90
2020-Q1,Rest of Central Region,Uncompleted,Launched,With Pre-Requisites,1461
2020-Q1,Rest of Central Region,Uncompleted,na,Without Pre-Requisites,4619
2020-Q1,Rest of Central Region,Uncompleted,Not Launch Yet,With Pre-Requisites,5686
2020-Q2,Core Central Region,Completed,na,na,58
2020-Q2,Core Central Region,Uncompleted,Launched,With Pre-Requisites,1527
2020-Q2,Core Central Region,Uncompleted,na,Without Pre-Requisites,2502
2020-Q2,Core Central Region,Uncompleted,Not Launch Yet,With Pre-Requisites,3408
2020-Q2,Outside Central Region,Completed,na,na,30
2020-Q2,Outside Central Region,Uncompleted,Launched,With Pre-Requisites,1778
2020-Q2,Outside Central Region,Uncompleted,na,Without Pre-Requisites,1598
2020-Q2,Outside Central Region,Uncompleted,Not Launch Yet,With Pre-Requisites,5269
2020-Q2,Rest of Central Region,Completed,na,na,78
2020-Q2,Rest of Central Region,Uncompleted,Launched,With Pre-Requisites,1584
2020-Q2,Rest of Central Region,Uncompleted,na,Without Pre-Requisites,4813
2020-Q2,Rest of Central Region,Uncompleted,Not Launch Yet,With Pre-Requisites,5498
2020-Q3,Core Central Region,Completed,na,na,33
2020-Q3,Core Central Region,Uncompleted,Launched,With Pre-Requisites,1413
2020-Q3,Core Central Region,Uncompleted,na,Without Pre-Requisites,2998
2020-Q3,Core Central Region,Uncompleted,Not Launch Yet,With Pre-Requisites,3303
2020-Q3,Outside Central Region,Completed,na,na,6
2020-Q3,Outside Central Region,Uncompleted,Launched,With Pre-Requisites,1821
2020-Q3,Outside Central Region,Uncompleted,na,Without Pre-Requisites,2010
2020-Q3,Outside Central Region,Uncompleted,Not Launch Yet,With Pre-Requisites,4728
2020-Q3,Rest of Central Region,Completed,na,na,56
2020-Q3,Rest of Central Region,Uncompleted,Launched,With Pre-Requisites,2119
2020-Q3,Rest of Central Region,Uncompleted,na,Without Pre-Requisites,4462
2020-Q3,Rest of Central Region,Uncompleted,Not Launch Yet,With Pre-Requisites,3629
2020-Q4,Core Central Region,Completed,na,na,29
2020-Q4,Core Central Region,Uncompleted,Launched,With Pre-Requisites,1378
2020-Q4,Core Central Region,Uncompleted,na,Without Pre-Requisites,2381
2020-Q4,Core Central Region,Uncompleted,Not Launch Yet,With Pre-Requisites,3936
2020-Q4,Outside Central Region,Completed,na,na,9
2020-Q4,Outside Central Region,Uncompleted,Launched,With Pre-Requisites,2814
2020-Q4,Outside Central Region,Uncompleted,na,Without Pre-Requisites,2005
2020-Q4,Outside Central Region,Uncompleted,Not Launch Yet,With Pre-Requisites,2383
2020-Q4,Rest of Central Region,Completed,na,na,7
2020-Q4,Rest of Central Region,Uncompleted,Launched,With Pre-Requisites,1934
2020-Q4,Rest of Central Region,Uncompleted,na,Without Pre-Requisites,2439
2020-Q4,Rest of Central Region,Uncompleted,Not Launch Yet,With Pre-Requisites,5026
2021-Q1,Core Central Region,Completed,na,na,29
2021-Q1,Core Central Region,Uncompleted,Launched,With Pre-Requisites,1413
2021-Q1,Core Central Region,Uncompleted,na,Without Pre-Requisites,1389
2021-Q1,Core Central Region,Uncompleted,Not Launch Yet,With Pre-Requisites,4271
2021-Q1,Outside Central Region,Completed,na,na,1
2021-Q1,Outside Central Region,Uncompleted,Launched,With Pre-Requisites,2444
2021-Q1,Outside Central Region,Uncompleted,na,Without Pre-Requisites,2558
2021-Q1,Outside Central Region,Uncompleted,Not Launch Yet,With Pre-Requisites,1803
2021-Q1,Rest of Central Region,Completed,na,na,2
2021-Q1,Rest of Central Region,Uncompleted,Launched,With Pre-Requisites,2677
2021-Q1,Rest of Central Region,Uncompleted,na,Without Pre-Requisites,2513
2021-Q1,Rest of Central Region,Uncompleted,Not Launch Yet,With Pre-Requisites,2534
2021-Q2,Core Central Region,Completed,na,na,22
2021-Q2,Core Central Region,Uncompleted,Launched,With Pre-Requisites,1636
2021-Q2,Core Central Region,Uncompleted,na,Without Pre-Requisites,1966
2021-Q2,Core Central Region,Uncompleted,Not Launch Yet,With Pre-Requisites,3237
2021-Q2,Outside Central Region,Completed,na,na,1
2021-Q2,Outside Central Region,Uncompleted,Launched,With Pre-Requisites,2209
2021-Q2,Outside Central Region,Uncompleted,na,Without Pre-Requisites,1619
2021-Q2,Outside Central Region,Uncompleted,Not Launch Yet,With Pre-Requisites,2011
2021-Q2,Rest of Central Region,Completed,na,na,2
2021-Q2,Rest of Central Region,Uncompleted,Launched,With Pre-Requisites,2212
2021-Q2,Rest of Central Region,Uncompleted,na,Without Pre-Requisites,2423
2021-Q2,Rest of Central Region,Uncompleted,Not Launch Yet,With Pre-Requisites,2071
2021-Q3,Core Central Region,Completed,na,na,6
2021-Q3,Core Central Region,Uncompleted,Launched,With Pre-Requisites,1643
2021-Q3,Core Central Region,Uncompleted,na,Without Pre-Requisites,2246
2021-Q3,Core Central Region,Uncompleted,Not Launch Yet,With Pre-Requisites,2991
2021-Q3,Outside Central Region,Completed,na,na,7
2021-Q3,Outside Central Region,Uncompleted,Launched,With Pre-Requisites,1643
2021-Q3,Outside Central Region,Uncompleted,na,Without Pre-Requisites,1875
2021-Q3,Outside Central Region,Uncompleted,Not Launch Yet,With Pre-Requisites,864
2021-Q3,Rest of Central Region,Completed,na,na,12
2021-Q3,Rest of Central Region,Uncompleted,Launched,With Pre-Requisites,1591
2021-Q3,Rest of Central Region,Uncompleted,na,Without Pre-Requisites,1642
2021-Q3,Rest of Central Region,Uncompleted,Not Launch Yet,With Pre-Requisites,2645
2021-Q4,Core Central Region,Completed,na,na,106
2021-Q4,Core Central Region,Uncompleted,Launched,With Pre-Requisites,1671
2021-Q4,Core Central Region,Uncompleted,na,Without Pre-Requisites,1818
2021-Q4,Core Central Region,Uncompleted,Not Launch Yet,With Pre-Requisites,2387
2021-Q4,Outside Central Region,Completed,na,na,62
2021-Q4,Outside Central Region,Uncompleted,Launched,With Pre-Requisites,1051
2021-Q4,Outside Central Region,Uncompleted,na,Without Pre-Requisites,2220
2021-Q4,Outside Central Region,Uncompleted,Not Launch Yet,With Pre-Requisites,701
2021-Q4,Rest of Central Region,Completed,na,na,11
2021-Q4,Rest of Central Region,Uncompleted,Launched,With Pre-Requisites,1544
2021-Q4,Rest of Central Region,Uncompleted,na,Without Pre-Requisites,1251
2021-Q4,Rest of Central Region,Uncompleted,Not Launch Yet,With Pre-Requisites,1511
2022-Q1,Core Central Region,Completed,na,na,196
2022-Q1,Core Central Region,Uncompleted,Launched,With Pre-Requisites,1490
2022-Q1,Core Central Region,Uncompleted,na,Without Pre-Requisites,1961
2022-Q1,Core Central Region,Uncompleted,Not Launch Yet,With Pre-Requisites,2134
2022-Q1,Outside Central Region,Completed,na,na,56
2022-Q1,Outside Central Region,Uncompleted,Launched,With Pre-Requisites,705
2022-Q1,Outside Central Region,Uncompleted,na,Without Pre-Requisites,2641
2022-Q1,Outside Central Region,Uncompleted,Not Launch Yet,With Pre-Requisites,544
2022-Q1,Rest of Central Region,Completed,na,na,23
2022-Q1,Rest of Central Region,Uncompleted,Launched,With Pre-Requisites,1009
2022-Q1,Rest of Central Region,Uncompleted,na,Without Pre-Requisites,1993
2022-Q1,Rest of Central Region,Uncompleted,Not Launch Yet,With Pre-Requisites,1610
2022-Q2,Core Central Region,Completed,na,na,200
2022-Q2,Core Central Region,Uncompleted,Launched,With Pre-Requisites,1613
2022-Q2,Core Central Region,Uncompleted,na,Without Pre-Requisites,2954
2022-Q2,Core Central Region,Uncompleted,Not Launch Yet,With Pre-Requisites,1469
2022-Q2,Outside Central Region,Completed,na,na,53
2022-Q2,Outside Central Region,Uncompleted,Launched,With Pre-Requisites,517
2022-Q2,Outside Central Region,Uncompleted,na,Without Pre-Requisites,3040
2022-Q2,Outside Central Region,Uncompleted,Not Launch Yet,With Pre-Requisites,829
2022-Q2,Rest of Central Region,Completed,na,na,21
2022-Q2,Rest of Central Region,Uncompleted,Launched,With Pre-Requisites,699
2022-Q2,Rest of Central Region,Uncompleted,na,Without Pre-Requisites,4012
2022-Q2,Rest of Central Region,Uncompleted,Not Launch Yet,With Pre-Requisites,672
2022-Q3,Core Central Region,Completed,na,na,48
2022-Q3,Core Central Region,Uncompleted,Launched,With Pre-Requisites,1350
2022-Q3,Core Central Region,Uncompleted,na,Without Pre-Requisites,2993
2022-Q3,Core Central Region,Uncompleted,Not Launch Yet,With Pre-Requisites,1338
2022-Q3,Outside Central Region,Completed,na,na,42
2022-Q3,Outside Central Region,Uncompleted,Launched,With Pre-Requisites,384
2022-Q3,Outside Central Region,Uncompleted,na,Without Pre-Requisites,2721
2022-Q3,Outside Central Region,Uncompleted,Not Launch Yet,With Pre-Requisites,312
2022-Q3,Rest of Central Region,Completed,na,na,10
2022-Q3,Rest of Central Region,Uncompleted,Launched,With Pre-Requisites,399
2022-Q3,Rest of Central Region,Uncompleted,na,Without Pre-Requisites,5565
2022-Q3,Rest of Central Region,Uncompleted,Not Launch Yet,With Pre-Requisites,615
2022-Q4,Core Central Region,Completed,na,na,45
2022-Q4,Core Central Region,Uncompleted,Launched,With Pre-Requisites,1332
2022-Q4,Core Central Region,Uncompleted,na,Without Pre-Requisites,3179
2022-Q4,Core Central Region,Uncompleted,Not Launch Yet,With Pre-Requisites,1167
2022-Q4,Outside Central Region,Completed,na,na,73
2022-Q4,Outside Central Region,Uncompleted,Launched,With Pre-Requisites,307
2022-Q4,Outside Central Region,Uncompleted,na,Without Pre-Requisites,2455
2022-Q4,Outside Central Region,Uncompleted,Not Launch Yet,With Pre-Requisites,910
2022-Q4,Rest of Central Region,Completed,na,na,10
2022-Q4,Rest of Central Region,Uncompleted,Launched,With Pre-Requisites,291
2022-Q4,Rest of Central Region,Uncompleted,na,Without Pre-Requisites,4894
2022-Q4,Rest of Central Region,Uncompleted,Not Launch Yet,With Pre-Requisites,1489
2023-Q1,Core Central Region,Completed,na,na,165
2023-Q1,Core Central Region,Uncompleted,Launched,With Pre-Requisites,1003
2023-Q1,Core Central Region,Uncompleted,na,Without Pre-Requisites,2777
2023-Q1,Core Central Region,Uncompleted,Not Launch Yet,With Pre-Requisites,1064
2023-Q1,Outside Central Region,Completed,na,na,31
2023-Q1,Outside Central Region,Uncompleted,Launched,With Pre-Requisites,554
2023-Q1,Outside Central Region,Uncompleted,na,Without Pre-Requisites,3215
2023-Q1,Outside Central Region,Uncompleted,Not Launch Yet,With Pre-Requisites,852
2023-Q1,Rest of Central Region,Completed,na,na,16
2023-Q1,Rest of Central Region,Uncompleted,Launched,With Pre-Requisites,625
2023-Q1,Rest of Central Region,Uncompleted,na,Without Pre-Requisites,4175
2023-Q1,Rest of Central Region,Uncompleted,Not Launch Yet,With Pre-Requisites,1987
2023-Q2,Core Central Region,Completed,na,na,386
2023-Q2,Core Central Region,Uncompleted,Launched,With Pre-Requisites,523
2023-Q2,Core Central Region,Uncompleted,na,Without Pre-Requisites,3792
2023-Q2,Core Central Region,Uncompleted,Not Launch Yet,With Pre-Requisites,984
2023-Q2,Outside Central Region,Completed,na,na,20
2023-Q2,Outside Central Region,Uncompleted,Launched,With Pre-Requisites,505
2023-Q2,Outside Central Region,Uncompleted,na,Without Pre-Requisites,4812
2023-Q2,Outside Central Region,Uncompleted,Not Launch Yet,With Pre-Requisites,1549
2023-Q2,Rest of Central Region,Completed,na,na,34
2023-Q2,Rest of Central Region,Uncompleted,Launched,With Pre-Requisites,1260
2023-Q2,Rest of Central Region,Uncompleted,na,Without Pre-Requisites,1539
2023-Q2,Rest of Central Region,Uncompleted,Not Launch Yet,With Pre-Requisites,2520
2023-Q3,Core Central Region,Completed,na,na,357
2023-Q3,Core Central Region,Uncompleted,Launched,With Pre-Requisites,485
2023-Q3,Core Central Region,Uncompleted,na,Without Pre-Requisites,4884
2023-Q3,Core Central Region,Uncompleted,Not Launch Yet,With Pre-Requisites,774
2023-Q3,Outside Central Region,Completed,na,na,2
2023-Q3,Outside Central Region,Uncompleted,Launched,With Pre-Requisites,898
2023-Q3,Outside Central Region,Uncompleted,na,Without Pre-Requisites,3952
2023-Q3,Outside Central Region,Uncompleted,Not Launch Yet,With Pre-Requisites,1284
2023-Q3,Rest of Central Region,Completed,na,na,55
2023-Q3,Rest of Central Region,Uncompleted,Launched,With Pre-Requisites,1813
2023-Q3,Rest of Central Region,Uncompleted,na,Without Pre-Requisites,1651
2023-Q3,Rest of Central Region,Uncompleted,Not Launch Yet,With Pre-Requisites,1006
2023-Q4,Core Central Region,Completed,na,na,256
2023-Q4,Core Central Region,Uncompleted,Launched,With Pre-Requisites,406
2023-Q4,Core Central Region,Uncompleted,na,Without Pre-Requisites,4754
2023-Q4,Core Central Region,Uncompleted,Not Launch Yet,With Pre-Requisites,772
2023-Q4,Outside Central Region,Completed,na,na,23
2023-Q4,Outside Central Region,Uncompleted,Launched,With Pre-Requisites,1120
2023-Q4,Outside Central Region,Uncompleted,na,Without Pre-Requisites,4068
2023-Q4,Outside Central Region,Uncompleted,Not Launch Yet,With Pre-Requisites,740
2023-Q4,Rest of Central Region,Completed,na,na,54
2023-Q4,Rest of Central Region,Uncompleted,Launched,With Pre-Requisites,1656
2023-Q4,Rest of Central Region,Uncompleted,na,Without Pre-Requisites,2194
2023-Q4,Rest of Central Region,Uncompleted,Not Launch Yet,With Pre-Requisites,1219
2024-Q1,Core Central Region,Completed,na,na,221
2024-Q1,Core Central Region,Uncompleted,Launched,With Pre-Requisites,365
2024-Q1,Core Central Region,Uncompleted,na,Without Pre-Requisites,4180
2024-Q1,Core Central Region,Uncompleted,Not Launch Yet,With Pre-Requisites,1449
2024-Q1,Outside Central Region,Completed,na,na,28
2024-Q1,Outside Central Region,Uncompleted,Launched,With Pre-Requisites,1353
2024-Q1,Outside Central Region,Uncompleted,na,Without Pre-Requisites,5388
2024-Q1,Outside Central Region,Uncompleted,Not Launch Yet,With Pre-Requisites,957
2024-Q1,Rest of Central Region,Completed,na,na,19
2024-Q1,Rest of Central Region,Uncompleted,Launched,With Pre-Requisites,1687
2024-Q1,Rest of Central Region,Uncompleted,na,Without Pre-Requisites,3584
2024-Q1,Rest of Central Region,Uncompleted,Not Launch Yet,With Pre-Requisites,973
2024-Q2,Core Central Region,Completed,na,na,169
2024-Q2,Core Central Region,Uncompleted,Launched,With Pre-Requisites,555
2024-Q2,Core Central Region,Uncompleted,na,Without Pre-Requisites,3886
2024-Q2,Core Central Region,Uncompleted,Not Launch Yet,With Pre-Requisites,1469
2024-Q2,Outside Central Region,Completed,na,na,23
2024-Q2,Outside Central Region,Uncompleted,Launched,With Pre-Requisites,1079
2024-Q2,Outside Central Region,Uncompleted,na,Without Pre-Requisites,5123
2024-Q2,Outside Central Region,Uncompleted,Not Launch Yet,With Pre-Requisites,1107
2024-Q2,Rest of Central Region,Completed,na,na,0
2024-Q2,Rest of Central Region,Uncompleted,Launched,With Pre-Requisites,1695
2024-Q2,Rest of Central Region,Uncompleted,na,Without Pre-Requisites,4548
2024-Q2,Rest of Central Region,Uncompleted,Not Launch Yet,With Pre-Requisites,1104
2024-Q3,Core Central Region,Completed,na,na,132
2024-Q3,Core Central Region,Uncompleted,Launched,With Pre-Requisites,545
2024-Q3,Core Central Region,Uncompleted,na,Without Pre-Requisites,4081
2024-Q3,Core Central Region,Uncompleted,Not Launch Yet,With Pre-Requisites,1439
2024-Q3,Outside Central Region,Completed,na,na,25
2024-Q3,Outside Central Region,Uncompleted,Launched,With Pre-Requisites,1173
2024-Q3,Outside Central Region,Uncompleted,na,Without Pre-Requisites,3661
2024-Q3,Outside Central Region,Uncompleted,Not Launch Yet,With Pre-Requisites,1754
2024-Q3,Rest of Central Region,Completed,na,na,25
2024-Q3,Rest of Central Region,Uncompleted,Launched,With Pre-Requisites,1797
2024-Q3,Rest of Central Region,Uncompleted,na,Without Pre-Requisites,3003
2024-Q3,Rest of Central Region,Uncompleted,Not Launch Yet,With Pre-Requisites,2487
2024-Q4,Core Central Region,Completed,na,na,135
2024-Q4,Core Central Region,Uncompleted,Launched,With Pre-Requisites,775
2024-Q4,Core Central Region,Uncompleted,na,Without Pre-Requisites,5902
2024-Q4,Core Central Region,Uncompleted,Not Launch Yet,With Pre-Requisites,1255
2024-Q4,Outside Central Region,Completed,na,na,43
2024-Q4,Outside Central Region,Uncompleted,Launched,With Pre-Requisites,1082
2024-Q4,Outside Central Region,Uncompleted,na,Without Pre-Requisites,1659
2024-Q4,Outside Central Region,Uncompleted,Not Launch Yet,With Pre-Requisites,2396
2024-Q4,Rest of Central Region,Completed,na,na,23
2024-Q4,Rest of Central Region,Uncompleted,Launched,With Pre-Requisites,1708
2024-Q4,Rest of Central Region,Uncompleted,na,Without Pre-Requisites,2273
2024-Q4,Rest of Central Region,Uncompleted,Not Launch Yet,With Pre-Requisites,2355
2025-Q1,Core Central Region,Completed,na,na,119
2025-Q1,Core Central Region,Uncompleted,Launched,With Pre-Requisites,703
2025-Q1,Core Central Region,Uncompleted,na,Without Pre-Requisites,6428
2025-Q1,Core Central Region,Uncompleted,Not Launch Yet,With Pre-Requisites,1169
2025-Q1,Outside Central Region,Completed,na,na,21
2025-Q1,Outside Central Region,Uncompleted,Launched,With Pre-Requisites,1270
2025-Q1,Outside Central Region,Uncompleted,na,Without Pre-Requisites,2601
2025-Q1,Outside Central Region,Uncompleted,Not Launch Yet,With Pre-Requisites,469
2025-Q1,Rest of Central Region,Completed,na,na,5
2025-Q1,Rest of Central Region,Uncompleted,Launched,With Pre-Requisites,1558
2025-Q1,Rest of Central Region,Uncompleted,na,Without Pre-Requisites,1952
2025-Q1,Rest of Central Region,Uncompleted,Not Launch Yet,With Pre-Requisites,1975
2025-Q2,Core Central Region,Completed,na,na,125
2025-Q2,Core Central Region,Uncompleted,Launched,With Pre-Requisites,647
2025-Q2,Core Central Region,Uncompleted,na,Without Pre-Requisites,3960
2025-Q2,Core Central Region,Uncompleted,Not Launch Yet,With Pre-Requisites,2468
2025-Q2,Outside Central Region,Completed,na,na,21
2025-Q2,Outside Central Region,Uncompleted,Launched,With Pre-Requisites,1125
2025-Q2,Outside Central Region,Uncompleted,na,Without Pre-Requisites,3025
2025-Q2,Outside Central Region,Uncompleted,Not Launch Yet,With Pre-Requisites,961
2025-Q2,Rest of Central Region,Completed,na,na,9
2025-Q2,Rest of Central Region,Uncompleted,Launched,With Pre-Requisites,2156
2025-Q2,Rest of Central Region,Uncompleted,na,Without Pre-Requisites,2585
2025-Q2,Rest of Central Region,Uncompleted,Not Launch Yet,With Pre-Requisites,1571
2025-Q3,Core Central Region,Completed,na,na,126
2025-Q3,Core Central Region,Uncompleted,Launched,With Pre-Requisites,1559
2025-Q3,Core Central Region,Uncompleted,na,Without Pre-Requisites,3829
2025-Q3,Core Central Region,Uncompleted,Not Launch Yet,With Pre-Requisites,1140
2025-Q3,Outside Central Region,Completed,na,na,31
2025-Q3,Outside Central Region,Uncompleted,Launched,With Pre-Requisites,1166
2025-Q3,Outside Central Region,Uncompleted,na,Without Pre-Requisites,2523
2025-Q3,Outside Central Region,Uncompleted,Not Launch Yet,With Pre-Requisites,1210
2025-Q3,Rest of Central Region,Completed,na,na,23
2025-Q3,Rest of Central Region,Uncompleted,Launched,With Pre-Requisites,2001
2025-Q3,Rest of Central Region,Uncompleted,na,Without Pre-Requisites,1443
2025-Q3,Rest of Central Region,Uncompleted,Not Launch Yet,With Pre-Requisites,2158
2025-Q4,Core Central Region,Completed,na,na,84
2025-Q4,Core Central Region,Uncompleted,Launched,With Pre-Requisites,853
2025-Q4,Core Central Region,Uncompleted,na,Without Pre-Requisites,3771
2025-Q4,Core Central Region,Uncompleted,Not Launch Yet,With Pre-Requisites,976
2025-Q4,Outside Central Region,Completed,na,na,22
2025-Q4,Outside Central Region,Uncompleted,Launched,With Pre-Requisites,1018
2025-Q4,Outside Central Region,Uncompleted,na,Without Pre-Requisites,2814
2025-Q4,Outside Central Region,Uncompleted,Not Launch Yet,With Pre-Requisites,1285
2025-Q4,Rest of Central Region,Completed,na,na,42
2025-Q4,Rest of Central Region,Uncompleted,Launched,With Pre-Requisites,2051
2025-Q4,Rest of Central Region,Uncompleted,na,Without Pre-Requisites,1532
2025-Q4,Rest of Central Region,Uncompleted,Not Launch Yet,With Pre-Requisites,559
2026-Q1,Core Central Region,Completed,na,na,81
2026-Q1,Core Central Region,Uncompleted,Launched,With Pre-Requisites,871
2026-Q1,Core Central Region,Uncompleted,na,Without Pre-Requisites,3856
2026-Q1,Core Central Region,Uncompleted,Not Launch Yet,With Pre-Requisites,760
2026-Q1,Outside Central Region,Completed,na,na,10
2026-Q1,Outside Central Region,Uncompleted,Launched,With Pre-Requisites,1240
2026-Q1,Outside Central Region,Uncompleted,na,Without Pre-Requisites,2288
2026-Q1,Outside Central Region,Uncompleted,Not Launch Yet,With Pre-Requisites,2108
2026-Q1,Rest of Central Region,Completed,na,na,33
2026-Q1,Rest of Central Region,Uncompleted,Launched,With Pre-Requisites,1684
2026-Q1,Rest of Central Region,Uncompleted,na,Without Pre-Requisites,2384
2026-Q1,Rest of Central Region,Uncompleted,Not Launch Yet,With Pre-Requisites,904
2026-Q2,Core Central Region,Completed,na,na,76
2026-Q2,Core Central Region,Uncompleted,Launched,With Pre-Requisites,812
2026-Q2,Core Central Region,Uncompleted,na,Without Pre-Requisites,3856
2026-Q2,Core Central Region,Uncompleted,Not Launch Yet,With Pre-Requisites,760
2026-Q2,Outside Central Region,Completed,na,na,35
2026-Q2,Outside Central Region,Uncompleted,Launched,With Pre-Requisites,1171
2026-Q2,Outside Central Region,Uncompleted,na,Without Pre-Requisites,2771
2026-Q2,Outside Central Region,Uncompleted,Not Launch Yet,With Pre-Requisites,1179
2026-Q2,Rest of Central Region,Completed,na,na,17
2026-Q2,Rest of Central Region,Uncompleted,Launched,With Pre-Requisites,1512
2026-Q2,Rest of Central Region,Uncompleted,na,Without Pre-Requisites,2341
2026-Q2,Rest of Central Region,Uncompleted,Not Launch Yet,With Pre-Requisites,527
