name,lat,lon,postal_code,street,block
Kreta Ayer CC,1.28119257621546,103.84301285361794,88995,Kreta Ayer Road,28A
Leng Kee CC,1.2897871189165284,103.81444834815959,159049,Lengkok Bahru,400
MacPherson CC,1.3235370882947983,103.88448119341498,379131,Paya Lebar Way,400
Bidadari CC,1.3387306540844819,103.87167001564892,367803,Bidadari Park Drive,11
Buangkok CC,1.3831519264566876,103.89229581728699,544692,Compassvale Bow,70
Bukit Batok East CC,1.3489873878068073,103.758195830417,659841,Bukit Batok East Avenue 4,23
Fuchun CC,1.4295866024388828,103.77485012918247,738581,Woodlands Street 31,1
Radin Mas CC,1.2759310184005284,103.81975313097747,98917,Telok Blangah Crescent,51
Rivervale CC,1.3851527641357397,103.90231950738371,544583,Rivervale Close,2
Sengkang CC,1.392785585870242,103.89390610277434,545025,Sengkang Square,2
Senja-Cashew CC,1.3815867900890648,103.76465958417046,679910,Bukit Panjang Road,101
Siglap CC,1.3172919360269562,103.94674214313402,460151,Bedok South Road,151
Siglap South CC,1.3131589522000973,103.9306234663442,456441,Palm Road,6
Taman Jurong CC,1.3353068008328002,103.72162639956439,618495,Yung Sheng Road,1
Thomson CC,1.351253853350256,103.83626228638991,574339,Upper Thomson Road,194
Yuhua CC,1.3399728527888106,103.73706591526356,609958,Boon Lay Way,90
ACE The Place CC,1.4274927760291807,103.79224077232294,739069,Woodlands Avenue 1,120
Aljunied CC,1.354658083100117,103.88954623520497,530110,Hougang Avenue 1,110
Anchorvale CC,1.3971279177343783,103.8866656847161,544965,Anchorvale Road,59
Ang Mo Kio CC,1.366833480766686,103.8406681303365,569976,Ang Mo Kio Avenue 1,795
Ayer Rajah CC,1.320799304428602,103.74754019193895,609335,Pandan Gardens,150
Bedok CC,1.3242465984259346,103.93604783880299,467352,New Upper Changi Road,850
Bishan CC,1.3495116183195113,103.85050927568692,579799,Bishan Street 13,51
Boon Lay CC,1.3483232253267916,103.71138018647879,649882,Boon Lay Place,10
Bukit Batok CC (Temp office),1.3504219721532489,103.74680359001859,650119,Bukit Batok West Ave 6,119
Bukit Panjang CC,1.3764507492461155,103.7705588060096,678295,Pending Road,8
Ci Yuan CC,1.3751489782578707,103.88289417930713,538776,Hougang Avenue 9,51
Clementi CC,1.3188151881476347,103.76815368664504,129880,Clementi Avenue 4,220
Hwi Yoh CC,1.3736001003091243,103.87389097774232,550535,Serangoon North Avenue 4,535
imPAct@Hong Lim Green,1.2863294048283742,103.846479315186,58284,Upper Pickering Street,20
Jalan Besar CC,1.30800417111748,103.8617865723171,208737,Jellicoe Road,69
Joo Chiat CC,1.3074572063937617,103.904168869493,427633,Joo Chiat Road,405
Jurong Green CC,1.3505560317035639,103.72534155677674,649520,Jurong West Avenue 1,6
Jurong Spring CC,1.3483301691729592,103.71815570326673,649296,Jurong West Street 52,8
Kaki Bukit CC,1.3333820696795313,103.92684622465563,469627,Bedok North Street 3,670
Kallang CC,1.3178029049764668,103.8623732825009,339771,Boon Keng Road,45
Chua Chu Kang CC,1.3811552900306399,103.75190388648127,688892,Teck Whye Avenue,35
Tampines North CC,1.357364787759742,103.94660268506655,529204,Tampines Street 41,2
Limbang CO c/o Yew Tee CC,1.3949175844705166,103.74472785336711,689286,Choa Chu Kang Street 52,20
Mountbatten CC,1.3092346366642318,103.88682683806329,390087,Jalan Satu,87
Nee Soon Central CC,1.4280358453225692,103.83609210218492,768019,Northpoint Drive,1
Paya Lebar Kovan CC,1.3577986050529562,103.88609208263634,530207,Hougang Street 21,207
Tampines Central CC,1.3534961547181348,103.93968359444563,528523,Tampines Walk,1
The Frontier CC,1.3404695641247493,103.70445268530443,648346,Jurong West Central 3,60
Ulu Pandan CC,1.3120094094936154,103.78921118600064,279621,Ghim Moh Road,170
Punggol 21 CC,1.3936062415995636,103.91346411312499,828815,Punggol Field,80
Punggol CC,1.374378821482798,103.89181532840827,538808,Hougang Avenue 6,3
Punggol West CC,1.4045159006848433,103.89566486383038,823259,Punggol Field,259C
Queenstown CC,1.299150227970495,103.80130510766038,149732,Commonwealth Avenue,365
Telok Blangah CC,1.2748626566373564,103.80787543560866,108943,Telok Blangah Street 31,450
The Serangoon CC,1.3700548624028297,103.873927617452,555877,Serangoon North Avenue 2,10
Tiong Bahru CC,1.2834525171488171,103.83188271457482,169715,Eu Chin Street,67A
Toa Payoh Central CC,1.3349345170945592,103.85020454592244,319194,Toa Payoh Central,93
Toa Payoh East CC,1.336274892063962,103.85470024902969,319380,Lorong 6 Toa Payoh,160
Toa Payoh South CC,1.3348903704664343,103.85937897981313,319258,Lorong 8 Toa Payoh,1999
Yew Tee CC,1.3949175844705166,103.74472785336711,689286,Choa Chu Kang Street 52,20
PAssion WaVe @ Bedok Reservoir (Sea Sports Club),1.3413981466668703,103.93274134203767,479311,Bedok Reservoir Road,911
PAssion WaVe @ East Coast (Sea Sports Club),1.3117279914425672,103.95222299303326,468961,East Coast Parkway,1390
PAssion WaVe @ Jurong Lake Gardens (Sea Sports Club),1.3393595538818395,103.72729947121485,618662,Yuan Ching Road,100
PAssion WaVe @ Marina Bay (Sea Sports Club),1.2949932783441664,103.86677548471633,437440,Rhu Cross,11
PAssion WaVe @ Pasir Ris (Sea Sports Club),1.3849470269212816,103.94344620089569,519926,Elias Road,125
PAssion WaVe @ Sembawang (Sea Sport Club),1.4590379403414018,103.84365029983671,759058,Jalan Mempurong,60
West Coast CC,1.3026455597907736,103.7648320774733,129605,Clementi West Street 2,2
Whampoa CC,1.3246395940832896,103.85697916964102,327737,Whampoa Drive,300
Woodgrove CC,1.4317710217705208,103.78500686614792,730353,Woodlands Ave 1,353
Marine Parade CC (Temp Office),1.3044574337410086,103.90960293381053,440067,Marine Drive,67
Tanjong Pagar CC,1.276166980026334,103.84158421003391,89774,Cantonment Road,101
Teck Ghee CC,1.3630886791797372,103.8535360766646,569734,Ang Mo Kio Avenue 10,861
Woodlands Galaxy CC,1.4390416069011442,103.80261098428336,738991,Woodlands Avenue 6,31
Braddell Heights CC,1.3516122455273327,103.87036787570035,556129,Serangoon Avenue 2,50
Bukit Batok CC (U/C),1.3498976524656536,103.74754947070261,659959,Bukit Batok Central,21
Bukit Timah CC,1.3405343538797614,103.77157633388418,596569,Toh Yi Drive,20
Buona Vista CC,1.309258714606109,103.79261941701083,270036,Holland Drive,36
Marsiling CC,1.440656776542851,103.77361518476744,739980,Admiralty Road,100
Buangkok-Fernvale South CC,1.3917255158703137,103.877000455369,797650,Sengkang West Ave,21
Changi CC,1.368800572768456,103.95918238440893,519457,Pasir Ris Dr 4,1
Geylang Serai CC,1.316528176264,103.89655502524346,408528,Engku Aman Turn,1
Kampong Chai Chee CC,1.3269849884844858,103.93162062157725,469662,Bedok North Street 1,11
Kampong Kembangan CC (Temp Office),1.3245807568761185,103.9106975308281,410109,Lengkong Tiga,109
Brickland-Tenggah CC,1.3737308390904484,103.74592979081598,681811,Choa Chu Kang Avenue 7,811A
Cheng San CC,1.371915227277162,103.84937502946819,569205,Ang Mo Kio Street 53,6
Eunos CC,1.332552777885436,103.91514355252042,479220,Bedok Reservoir Road,180
Gek Poh Ville CC (Temp office),1.349425454293563,103.69978225127765,640760,Jurong West Street 74,760
Gek Poh Ville CC (U/C),1.3486898193787666,103.69872626135691,649149,Jurong West Street 74,1
Naval Base CO @ Naval Base CC,1.4450441268303615,103.81947373914728,757632,Sembawang Crescent,2
Punggol Coast CO c/o One Punggol CC,1.4085215780925273,103.9050342171961,828629,Punggol Drive,1
Punggol North CO c/o One Punggol CC,1.4085215780925273,103.9050342171961,828629,Punggol Drive,1
Sembawang Central CO @ Sembawang CC (Temp Office),1.4445734311265837,103.82999319245526,752117,Canberra Crescent,117B
Sembawang Central CO @ Sembawang CC (U/C),1.4517009597373067,103.82880679764213,758528,Sembawang Road 21KM,2125
Tampines Boulevard c/o Tampines Central CC,1.3534961547181348,103.93968359444563,528523,Tampines Walk,1
Woodlands CC,1.4397303386203621,103.78823540481689,738526,Woodlands Street 81,1
Zhenghua CC,1.3868068291970965,103.77152084638222,677738,Segar Road,1
Toa Payoh West CC,1.3353827124598994,103.84483087582645,319642,Lorong 2 Toa Payoh,200
Tampines East CC,1.3533568259343283,103.9546204616287,529341,Tampines Street 23,10
Tampines West CC,1.3487507639882188,103.93563340889486,529705,Tampines Avenue 3,5
Tanglin CC,1.3233844681800055,103.82687718346561,297829,Whitley Road,245
Nee Soon Link CC,1.4250356685471195,103.8463992179587,760413,Yishun Ring Road,413
Cairnhill CC,1.3104343381510988,103.83886488009581,229944,Anthony Road,1
Canberra CC,1.4450441268303615,103.81947373914728,757632,Sembawang Crescent,2
Changi Simei CC,1.34493553057398,103.95511094811947,529915,Simei Street 2,10
Chong Pang CC (Temp Office),1.4335090534702293,103.83001188853567,760126,Yishun Street 11,126
Marymount CC,1.3621375679657564,103.84128617420045,575738,Sin Ming Avenue,191
Nanyang CC,1.3423640283979046,103.69232023191732,649040,Jurong West Street 91,60
Nee Soon East CC,1.4310208721248876,103.83848808354468,768893,Yishun Avenue 9,1
Pasir Ris Central CC,1.370631435418661,103.9498276372685,510536,Pasir Ris Drive 1,536
Pasir Ris Elias CC,1.3784294369924566,103.9424764054956,519498,Pasir Ris Drive 3,93
Pek Kio CC,1.3130586484372833,103.85137384688184,219458,Gloucester Road,21
Potong Pasir CC,1.3325359115428537,103.86703683933985,358361,Potong Pasir Avenue 2,6
Tengah CC,1.35675241769837,103.73450005029252,690119,Plantation Crescent,119
Kampong Glam CC,1.3027952183932705,103.86359785826838,199581,Beach Road,385
Kampong Ubi CC,1.317846431301836,103.9007501269771,409075,Jalan Ubi,10
Nee Soon South CC,1.4151868533374214,103.83476623270364,768455,Yishun Street 81,30
Tampines Changkat CC,1.3458498428102452,103.9475498139767,529453,Tampines Street 11,13
Fengshan CC,1.3307076180555428,103.9366136187988,469644,Bedok North Street 2,20
Fernvale CC,1.3917255158703137,103.877000455369,797650,Sengkang West Avenue,21
Pasir Ris East CC,1.368800572768456,103.95918238440893,519457,Pasir Ris Drive 4,1
Yio Chu Kang CC,1.3815172715777488,103.8414281240354,569163,Ang Mo Kio Street 61,50
Geylang West CC,1.3156911078441034,103.8723878551344,387311,Upper Boon Keng Road,1205
Henderson CC,1.2860101566046183,103.8233153220739,159682,Bukit Merah View,500
Hillview CC,1.3619672440242196,103.76426638975674,667970,Hillview Rise,1
Hong Kah North CC,1.3590588883950487,103.74945684148685,659440,Bukit Batok Street 31,30
Hougang CC,1.3647574323302525,103.89262224018398,538840,Hougang Avenue 3,35
Katong CC,1.3005911742372616,103.88474893135849,438178,Kampong Arang Road,51
Keat Hong CC,1.3840651592654132,103.74492381272233,689687,Choa Chu Kang Loop,2
Kebun Baru CC,1.3730074990627377,103.83761242449003,569897,Ang Mo Kio Avenue 4,216
Kim Seng CC,1.2896826597603268,103.83070644581035,169640,Havelock Road,570
Kolam Ayer CC,1.324154318199165,103.86969309062691,339631,Geylang Bahru Lane,1
Dover CC,1.302529944661997,103.7832716667167,130001,Dover Road,1
