name,lat,lon
TELOK BLANGAH HILL PARK,1.2786594128356843,103.8102537334449
GANGES AVE OS,1.290793231574413,103.83179846135349
KIM PONG PARK,1.2835903963029012,103.82973723100095
BUKIT GOMBAK PARK,1.3672173562026961,103.7524341787261
TAMPINES BOULEVARD PARK,1.3616782626546735,103.94395200611825
BOUNDARY ROAD PARK,1.3540401971509435,103.87478098374835
TELOK AYER PK,1.2781775055192082,103.84668683482796
WATERBOAT HOUSE GARDEN,1.287319516339836,103.85347304026044
JLN ISMAIL PK,1.3231990261354354,103.9058590154343
EAST COAST PARK AREA F,1.309472862301433,103.93960025910643
MAPLE LANE PARK,1.3299945741669175,103.79259115095014
BUKIT CANBERRA,1.447640312512903,103.8249700768399
PUNGGOL WATERWAY PK,1.4109972133075517,103.90481505251175
CHILTERN DRIVE INTERIM PARK,1.3485590553792985,103.86200639053023
LUXUS HILLS PARK,1.3794773521581778,103.87472773096466
COLCHESTER GROVE INTERIM OS,1.3564831011965115,103.86674253718547
ANG MO KIO LINEAR PK (PLOT 2),1.3793342341848678,103.87176018975934
SEMBAWANG HOT SPRING PARK,1.4343322631935682,103.82264581250642
IRAU DRIVE PLAYGROUND,1.4619435384991928,103.84006882882946
UPPER SERANGOON PARK,1.35163743855084,103.87522575970935
LORONG KEMUNCHUP PLAYGROUND,1.3603930473433286,103.76093338574456
JALAN REMAJA INTERIM PARK,1.3575783238030175,103.76077601399543
FUYONG INTERIM PK,1.3574541615677775,103.76875095211432
CHESTNUT CLOSE PARK,1.3689466349410375,103.7733007053261
PAVILION PLAYGROUND II,1.368340422072448,103.75343447476291
SUNSET WAY PG,1.3267878202217431,103.76640642909675
CASHEW RD INTERIM PK,1.3724045480241107,103.767967114604
FABER HEIGHTS PARK,1.3238384183504512,103.75526367638578
FORT CANNING PARK,1.295890735425007,103.846609328737
TAMAN KEMBANGAN PG,1.325003305654955,103.91440219019879
WARINGIN PK PG,1.3230230142973407,103.91917852870084
THE FOOTHILLS FORT CANNING PK,1.292257614494218,103.84569065641254
FARQUHAR GARDEN (FCP),1.2956865235580919,103.84867152086326
EMPRESS PLACE,1.2869615853115142,103.85213965205668
ESPLANADE PK,1.2894170855730622,103.85359672385975
DUXTON PLAIN PK,1.2811223325163235,103.84141929284567
PEARL'S HILL CITY PK,1.2845131482921779,103.83872911197332
HIGHGATE WALK PLAYGROUND,1.3404171846143642,103.76592436149278
GELENGGANG PARK,1.3734758941034504,103.82983449183553
LEBAN PARK,1.3724595958170969,103.82929233400442
MAYFLOWER CRESCENT PG,1.3727323067422557,103.83952885224149
SERENADE WALK PG,1.3799210099649377,103.83455966687733
COUNTRYSIDE PG,1.390187591950426,103.8384079546499
LENTOR STREET PG,1.3900981863837716,103.83427652569794
FLORISSA PK PG,1.3869730932273063,103.83507298158987
FUDU WALK PG,1.3898351218922766,103.83723438334813
LENTOR GREEN PG,1.3852857282720463,103.83705647129632
DEW GARDEN,1.399266345247724,103.87106539900103
PARRY AVE INTERIM PK,1.3639250471554107,103.8811344873211
RICHARDS AVE PK,1.3609285905489943,103.8821291218715
BUTTERFLY AVE PG,1.3344335664820988,103.87733653681293
CHEMPAKA AVE PG,1.3318740875837207,103.87561556672539
JLN GENENG INTERIM PK,1.3533376695326707,103.88087476408154
EASTWOOD PK PG,1.3231595654533852,103.95754876648327
JLN SELASEH PG,1.3856016503502333,103.87338201184058
MIMOSA RD PG,1.3841919506037657,103.86304382230897
MUGLISTON PK PG,1.3854458918400234,103.87790631585169
NERAM CRESCENT PG,1.3855886003482265,103.86574410141814
TAMARIND RD PG,1.3896991865139798,103.86020178045604
NIM CRESCENT OS,1.3830798457368665,103.86684092212306
BEGONIA RD PG,1.3878196998361432,103.8632895690186
JLN NAUNG PG,1.3695631217362239,103.89282189627428
PARRY RD PG,1.3660287545608498,103.87750439954596
SARACA RD PG,1.3866687658524723,103.8586374762825
DEDAP PLACE PG,1.3877975742273796,103.86841336325828
POH HUAT RD PG,1.3669371159297643,103.88161112353755
SELETAR TERRACE PG,1.381482754028829,103.868774404846
HOLLAND GROVE VIEW PG,1.3129296671514599,103.78122162363572
HOLLAND GREEN PG,1.326810900460203,103.78257759536767
LORONG SARINA INTERIM PK,1.320143722839957,103.90608246484216
PASIR RIS TOWN PK,1.371689215460841,103.95240633384716
HENRY PK,1.3162571773585712,103.78311799925821
PHOENIX PARK,1.3758898083445699,103.75723986270971
CHENG SOON GARDEN PG,1.3358863606365197,103.77168301094926
CHU YEN PLAYGROUND,1.358697170052417,103.75897633995594
ENG KONG GARDEN PG,1.3369237422726794,103.76916336188069
ENG KONG PLACE FC,1.3347392036231052,103.76724604913915
GOLDEN RISE PG,1.336323647928206,103.76486852005382
GREENRIDGE CRESCENT PG,1.3342797127435926,103.76576322902989
JALAN DERMAWAN PLAYGROUND,1.36063894564964,103.75860584483674
JALAN TEKUKOR PLAYGROUND,1.346137895579081,103.76677601808633
HOOVER PARK (LOR PISANG HIJAU PLAYGROUND),1.3438755104066722,103.77302025529791
BINCHANG RISE PG,1.3486736465480897,103.84354841240868
THOMSON PK,1.3542910958736212,103.83436394111058
NAMLY PK,1.3232989310283847,103.79658146709734
SIXTH AVE PG,1.32243593615978,103.79128056190346
KING'S DR PG,1.3190866751121297,103.80606154202395
SUNSET WAY PK,1.3276945793162547,103.76477924872367
MALCOLM PK,1.3225629270105148,103.8265184733264
SUNSET HEIGHTS OS,1.3279450080249842,103.76886836516978
CENTRAL CATCHMENT NATURE RESERVE,1.3807709717675165,103.80561735979389
TANJONG PAGAR PK,1.2765617285501092,103.84662559569847
TELOK AYER GREEN,1.2814651634427598,103.84764373601121
ANN SIANG HILL PK,1.2810620002543744,103.84611877493366
PEK KIO PARK,1.3163282404631367,103.84940334938405
SIGLAP LINEAR PK (UPP EC RD-M PARADE),1.3112841044737598,103.92840651937104
TANJONG KATONG RD SOUTH PG,1.3001741105264821,103.89732193154623
JLN BULOH PERINDU PG,1.308482597499101,103.91938448183176
MEYER RD PG,1.2985685166065415,103.89419707868943
EAST COAST TERRACE PK,1.3109600906538748,103.92380556094116
TELOK KURAU PK,1.3153647616260948,103.91428584740629
ELITE TERRACE PK,1.3155988452066982,103.92430631411794
PUNGGOL HERITAGE TRAIL PHASE 2 (INTERIM BOUNDARY),1.4197553310707038,103.9102156598958
OASIS@MULBERRY PK,1.3328961389318437,103.87843597247893
PAVILION PARK PLAYGROUND,1.3722856733513273,103.7519772914944
KING'S DOCK PARK,1.2639582182113465,103.81741470354092
JAPANESE GARDENS,1.3350098298425328,103.73102354375092
PUNGGOL HERITAGE TRAIL PHASE 1,1.4137138788835784,103.90969977831921
SIANG KUANG AVE INTERIM PK,1.3298283697300233,103.8730494812692
LORONG TANGGAM PK,1.3989789258961185,103.87375495285376
UPPER PAYA LEBAR INTERIM PARK,1.3435839278073194,103.88246411733695
GREENWAY SOUTH,1.3351785182636124,103.8720608249384
SEMBAWANG PK,1.461502967102204,103.83684542570357
YISHUN PK,1.4243757202843643,103.8426096903618
JAMBOL PLACE PARK,1.27902576189058,103.79018535239055
CHWEE CHIAN PLAYGROUND,1.2795728370768822,103.78895401879323
TOH CLOSE INTERIM PARK,1.3639140016917728,103.96992207870056
EAST COAST PARK AREA E1 CAR PARK,1.3073206709462093,103.93021604239308
PARLIAMENT PROMENADE,1.2885815772916251,103.84999922886291
CHANGI BEACH PK,1.3831593733996592,104.00175372183348
CITY GREEN,1.3118468213985968,103.85602245803376
SILAT AVENUE PARK,1.2760758390525202,103.82980087493316
WOODLANDS HEALING GARDEN,1.4250692853589946,103.79271594626627
MENG SUAN INTERIM PARK,1.4029937884455688,103.8153889905296
BOUGAINVILLEA PK,1.3267341485446058,103.80762186035389
UNIVERSITY RD PK,1.325450712785045,103.81767447386102
GREENWOOD CRESCENT PG,1.335506236358292,103.80548695379504
ORCHID VILLAGE PG,1.3357040219418301,103.80171316653193
WATTEN HEIGHTS PG,1.3315101656981838,103.80818355774429
MT BATTEN RD/OLD AIRPORT RD OS,1.3057405504569246,103.88330755751575
KATONG PK,1.2971665046106944,103.88634784301114
PULAU SEKUDU,1.403917815667457,103.98804174981142
PULAU UNUM,1.433032863225724,104.05378181778914
CORONATION PARK,1.3220260236035355,103.79640044902362
HOLLAND VILLAGE PK,1.311730245144776,103.79554394732374
BUNGA RAMPAI PK,1.3404755199675866,103.88429612227287
JALAN SEMBILANG PARK,1.3565655208980834,103.83403585965391
CAMBRIDGE PARK,1.313660901816675,103.8468378224805
SPRINGLEAF AVE PG,1.4009038349812015,103.82259766879525
KANDIS GARDEN,1.4561915535798389,103.83564474294631
TAMPINES ECO GREEN PK,1.363710485093235,103.94837674998735
LENGKONG ENAM PARK,1.3273640908163837,103.91473692441848
JALAN SENANG LINEAR PARK,1.3255723945313853,103.91718424893786
TANAH PUTEH PK,1.3158268684994556,103.93135824060478
SISTERS' ISLAND MARINE PARK,1.2143689029868754,103.83366666829667
LABRADOR NATURE RESERVE,1.2673562042777244,103.8020372193653
CLEMENTI CRESCENT PG,1.323522495815528,103.77329951691915
HUA GUAN CRESCENT PG,1.337010538643933,103.78505953980331
GREENLEAF VIEW PK PG,1.322310623381794,103.78808737366721
GROVE LANE PG,1.3137632887404946,103.7842062105903
JLN KEBAYA PG,1.314114910896791,103.78024635822102
MOUNT SINAI PLAIN PG,1.3157210175750274,103.78109728549765
HOLLAND GROVE VIEW FC,1.3124745780952878,103.78278534837222
JANGGUS GARDEN,1.4575398277048155,103.836983849514
BERLAYER CREEK,1.2677204017218984,103.80514529311107
PULAU UBIN AND CHEK JAWA,1.4137521320862656,103.96541181276811
ST. NICHOLAS VIEW PLAYGROUND,1.3716264409438255,103.83278502528952
ELLINGTON SQUARE PLAYGROUND,1.3720023089670559,103.83453036042759
CASHEW LINK PG,1.3713588873704436,103.76892501358684
FABER HILLS PLAYGROUND,1.3197672502528563,103.75797647492199
SHANGRI-LA PLAYGROUND,1.3710206044792923,103.8323920022382
SUNRISE CLOSE PG,1.3870117216118698,103.85750994585806
SUNRISE DR PG I,1.388305338068579,103.85737062021855
SUNRISE PLACE PG,1.3869426039110087,103.85660014074124
SUNRISE WAY PG,1.3876742987725457,103.8566800843983
THOMSON RD PG,1.3162599551384195,103.84370946452388
KAMPONG GLAM PK,1.3024454354309885,103.862996070148
HOOPER RD PG,1.312398915066335,103.84320423199813
ROWELL RD OS,1.3084223021888657,103.85484861991678
SOMME RD PG,1.3114841047147199,103.85815199975507
BENG WAN RD PG,1.3238060154412516,103.86583529773172
NORTH BRIDGE GARDEN,1.304109322600086,103.86214555079799
GOLDHILL AVE PG,1.321133417174904,103.83317379982168
GENTLE DR PG,1.3203688056662144,103.84070309190496
NOVENA PK,1.322312803507281,103.84281346247634
PENANG RD OS,1.3002353872391974,103.8414938192375
SPRINGLEAF NATURE PARK,1.4018864554547026,103.82029893682231
GEYLANG EAST PK,1.3217717845209322,103.88765907111089
BANGSAWAN PK,1.3212075676311263,103.92383794558943
AIDA PK,1.3193796217327391,103.92792692780097
JLN SENANG PG,1.3290153443370158,103.91556908211406
OPERA ESTATE FOOTBALL FIELD,1.320101144774826,103.92445612665364
CARPMAEL PARK,1.3115022361536728,103.89895133769063
JUBILEE PARK (FCP),1.293374207907142,103.84484592748184
ORCHARD FOUNTAIN CORNER,1.3015871255999711,103.8376107067862
ISTANA PK,1.299264000569126,103.8439884144354
WAR MEMORIAL PK,1.292824513159335,103.85481847201595
KRANJI MARSHES,1.419155201842783,103.7302273961971
JLN LIMAU KASTURI OS,1.3244942567204065,103.94622771976445
JLN PELATOK OS,1.346174574160508,103.96085682394701
CHANGI EAST BOARDWALK (CHANGI FERRY TER),1.3922188152834671,103.98418177001933
JALAN SINGA PARK,1.3309719001808131,103.90693883543742
HONG LIM PK,1.286331964772042,103.84705068432153
KENT RIDGE PARK,1.2843923645224087,103.7903187684368
EAST COAST PARK AREA H,1.3156274775525678,103.9673215026508
ONE-NORTH PARK,1.304278278205548,103.79036831078187
HDB - COMPASSVALE LN (BLK 205B),1.3850991387823823,103.89692935051366
TAVISTOCK AVE PK,1.370207245500039,103.86535828554187
CHUAN WALK PG,1.3572217609341652,103.86755286023558
COLCHESTER GROVE OS,1.357584773226065,103.86745449396429
MACRITCHIE RESERVOIR PK,1.34345090908669,103.83628135800585
CLOVER WAY PG,1.3501771180757984,103.84602143139854
FULTON AVE PG,1.3621074576915269,103.83352102521286
JLG: LAKESIDE GARDEN,1.3336633469353065,103.72694884126591
CHANGI POINT PROMENADE,1.3902051843407952,103.98911988020669
CHARTWELL DR PK,1.3596362850498223,103.86385972685002
LOWER SELETAR RESERVOIR PARK,1.4074398977579141,103.82889324908156
LENTOR WALK PG,1.3886309570462554,103.83838324763813
JALAN MAS KUNING PLAYGROUND,1.3078516086255079,103.76352509593491
JALAN MAS PUTEH PLAYGROUND,1.308986343575265,103.76200681668604
PANDAN RESERVOIR FITNESS CORNER,1.317499077959743,103.74874784867198
ANG MO KIO LINEAR PK (PLOT 3),1.3791914029869776,103.86871835024394
JLN KAYU INTERIM PK,1.3987879613467915,103.87253565597915
WOODLANDS WATERFRONT PK,1.4533560651459223,103.78131812725178
KEMUNING PK,1.4393255722873248,103.82708060222011
LEGUNDI PK,1.4411560592586656,103.82207014723265
BROOK'S PARK,1.405608188196776,103.82297934779446
HAUS LINEAR PARK,1.3644696649355381,103.86001282197255
TAMAN MAS MERAH PLAYGROUND,1.308703286122327,103.76472555154503
WEST COAST GREEN PLAYGROUND,1.3155603512090228,103.75636016964519
SIGLAP LINEAR PK (JLN B'WAN-UPP EC RD),1.314379842827124,103.92740863602118
RIFLE RANGE NATURE PARK,1.3471603920563928,103.78405998387909
LOWER PEIRCE RESERVOIR PARK,1.3692147195642959,103.82649974971835
ZHENGHUA NATURE PARK,1.3678343883469395,103.77835108165957
BUKIT BATOK TOWN PARK,1.3573543336113614,103.75607205285507
BUKIT BATOK NATURE PARK,1.3500086942922516,103.76462219368499
LABRADOR NATURE PARK,1.264366934457831,103.80339748868586
SBG LC ZONE 3 (NOG/PV),1.3129062754457883,103.81406091213861
SBG LC ARBO/PRC/PRU,1.3218387244842684,103.81789598168724
REALTY PARK,1.3682080389888538,103.8901270373938
BULIM PARK (PHASE 1) ,1.3545615455720381,103.7056684984573
LILAC DR PG,1.3811511580879283,103.86114379728288
NIM MEADOW PARK,1.3786166192909368,103.86340432365589
VICTORIA PARK PLAYGROUND,1.321902799396018,103.80180993643792
RAFFLES PLACE PK,1.2835942597617673,103.8514999268154
PARK AT SEMBAWANG ALLEY,1.448734239880062,103.81904332032455
JLN SENDUDOK PARK,1.4438998767856779,103.8271629642837
TOA PAYOH TOWN PK,1.3305698259776846,103.84795477931804
TIONG BAHRU PK,1.28761728173432,103.82402678837296
CEYLON ROAD INTERIM PARK,1.3097804173444956,103.89959814941295
HAIG WALK EXTENSION,1.3106817056624134,103.89867693205032
ONAN ROAD GREEN SPACE,1.3100970666269633,103.90071942071471
TRAS LINK PK,1.2764576104325942,103.84379019866222
VENUS GREEN,1.3586716314674199,103.82726623397681
MAYFAIR PK,1.3415300650910467,103.78086151400413
NOVENA RISE PK,1.3246275300259491,103.84285301571919
DHOBY GHAUT GREEN,1.2984301269494924,103.84584933421797
HANDY RD OS,1.299057054658332,103.84780697048458
CARMICHAEL RD PG,1.3426814392412174,103.86300718141767
TAMAN PERMATA PK,1.3500656019935,103.83498979568337
PUNGGOL PK,1.376937578338482,103.89864410941259
CONEY ISLAND PARK,1.409458552511285,103.92150970647593
ALJUNIED PK,1.329138436059218,103.87996253232025
SURIN AVE NEIGHBOURHOOD PK,1.355576444984194,103.88408561767399
TAI KENG GARDENS PG,1.346170531692557,103.88505458283811
PAYA LEBAR CRESCENT OS,1.3489666098724744,103.88356872889014
THRIFT DR OS,1.34388656000371,103.88324732305061
AROOZOO AVE PG,1.3551968667413747,103.88595627294951
TAI KENG PLACE PG,1.345041324620132,103.88484078064656
JLN KELICHAP PG,1.3467820571612348,103.88182461306774
FERNVALE PARK,1.397514524960232,103.87487871240788
ST MICHAEL'S PG,1.3262280958131525,103.86488766637642
ST MICHAEL'S FC,1.3264955858864842,103.86510904569799
HOW SUN LINEAR PARK,1.3458918268777444,103.87813597290207
PAYA LEBAR ROAD PARK,1.332848835283022,103.88858043823478
SBG LC ZONE 2 (CC/BTC),1.3210034671801372,103.8169579771443
SBG LC ZONE 1 (TNC),1.3100244521721374,103.81562486238036
BIDADARI PARK SOUTH,1.3386405125752154,103.87351622343141
BIDADARI PK,1.340309916692882,103.87443155183757
ARTHUR PK,1.3038882288096683,103.88821400899496
LORONG 40 GEYLANG PG,1.3136330007924444,103.88936940225831
GUILLEMARD RD OS,1.3145512726889046,103.89239730438597
INTERIM PK AT TERANG BULAN AVE,1.3216332972402611,103.9215767962677
LENTOR GROVE PG,1.3863846910694682,103.8383707239062
LENTOR RD PG,1.3882919034890058,103.8375722009472
LENTOR VALE PG,1.3880542360181982,103.8361460821369
BANYAN VILLAS PG,1.3872785047325376,103.83885324901108
YISHUN NEIGHBOURHOOD PK,1.4377572398701586,103.83505796157499
PLATINA RD PG,1.4275453457323766,103.82611872435531
GOODLINK PK PG,1.427299606870686,103.82539258443619
SPRINGLEAF GARDEN PG,1.3980395816401683,103.8223229784298
THONG SOON GREEN PG,1.4000547089160098,103.81838893422373
TELOK KURAU LORONG N PK,1.310325075636734,103.91280540959376
JLN DAUD PK,1.325826850033276,103.90710085053071
JLN DAUD INTERIM PK,1.3255910007370635,103.90653362722021
LORONG MARICAN PARK,1.323887417613441,103.90793148364666
LORONG MARZUKI PARK,1.3237972700028935,103.90833923340004
LORONG MELAYU PARK,1.3239981939637018,103.90932502642964
SEA BREEZE GARDEN PARK,1.3378659285542065,103.95042164528212
JLN KAYU PK,1.3981028673365037,103.87288129000338
BUKIT CANBERRA (SPORTSG),1.4475107025314116,103.82336496724726
DUCHESS PK,1.3242903125398156,103.80547941483398
EAST COAST PARK AREA B,1.2964678008875608,103.9001313600413
GREEN LANE PARK,1.3107980451274286,103.89248426858595
MAR THOMA ROAD PARK,1.3273571946335365,103.86202838719863
SIAN TUAN INTERIM PARK,1.338593568894818,103.78618858002517
LORONG ONG LYE PARK,1.3477598168270697,103.87869663058362
KOON SENG PARK,1.311044866159701,103.90283321979676
ANG MO KIO TOWN GARDEN EAST,1.370571021887357,103.85028589165374
JLN EUNOS INTERIM PK,1.3249340929144309,103.90600138050888
JLN AWANG INTERIM PK,1.323882729508875,103.90586782493945
ANG MO KIO TOWN GARDEN WEST,1.3745094714261874,103.8427395942111
BISHAN-ANG MO KIO PARK (POND GARDENS),1.3652068985913044,103.83640855422084
CAMP ROAD INTERIM PARK,1.3024565704133209,103.81847352134145
CANNING RISE (FCP),1.296415185814537,103.84788253737088
CHANGI WEST BOARDWALK (CHANGI BC),1.3902147218022194,103.9759334480344
CHANGI PT FERRY TERMINAL,1.3912069094982222,103.98731252320438
TANAH MERAH PG,1.3290293360899,103.94687554887881
MARIAM WALK PG,1.3595473597294903,103.96854744331675
LOYANG VIEW PG,1.3630395003065414,103.96563729241967
JLN LIMAU MANIS PG,1.3247340027655252,103.949044991383
JLN ANGIN LAUT PG,1.3371839888175043,103.95622497877842
MERA TERRACE PG,1.3474044390211926,103.96350603982197
JLN CHEMPAKA KUNING PG,1.3297574948720685,103.95016432778706
JLN PARI BURONG PG,1.3338302667615354,103.94696150148619
JLN PARI DEDAP PG,1.3330205537381883,103.9438804788435
JLN PELATOK PG,1.346144327776515,103.9603400330171
MERAGI RD PG,1.3443834054672406,103.96028263727831
SUNBIRD CIRCLE PG,1.3390909036283438,103.95824012802515
PESARI WALK PG,1.3244296378828164,103.9539785936791
HARVEY CRESCENT PG,1.340659028077663,103.95519192385743
MARIAM WAY PG,1.3619451550129091,103.96623348811329
BEDOK TERRACE PG,1.3255436023346039,103.9475056192436
KEW DR PG,1.3207095314096722,103.95175430405384
LIMAU GARDEN PG,1.322482124974314,103.95069132925602
LUCKY GARDENS PG,1.319287071537822,103.9413761221936
SENNETT AVE PG,1.3169670574429417,103.93628016907121
JLN LIMAU KASTURI PG,1.3239737658864272,103.94638906084543
KEW AVE PG,1.321626538764096,103.94845050181046
KEW CRESCENT PG,1.3191875527595336,103.94858574719049
LIMAU VILLAS PG,1.323872450925688,103.95051409597892
CHANGI HEIGHTS PG,1.362843647763477,103.97220437477233
SAVOY PK PG,1.3334144862901973,103.7699266723165
HILLVIEW CRESCENT PLAYGROUND,1.3552623460010258,103.76116232991829
BURGUNDY CRESCENT PLAYGROUND,1.33982701990837,103.76090503358263
KRANJI COASTAL NATURE PARK,1.4434944428093048,103.73491029435843
KRANJI RESERVOIR PARK B,1.4396472545607497,103.73782912997117
GARDEN VIEW PG,1.3604293127369327,103.86567357015007
SUN PLAZA PK,1.3585554269247653,103.94344045133052
SG API API PK,1.3788839697902275,103.94600303665655
ELIAS TERRACE PG,1.372228429977703,103.94108425200557
HORTPARK,1.279077971566117,103.79805321601927
CLOVER CRESCENT PG,1.3510481502538154,103.84457614791425
HOLLAND GREEN LINEAR PARK,1.3214557529525752,103.77598337842268
VILLA VERDE PK EXTENSION,1.3889955849793232,103.75412596159771
ISLAND GDNS WALK PG,1.3619988729061994,103.82843911048238
JLN PINTAU PG,1.3539456703859893,103.83997321893165
JUPITER PLAYGROUND,1.3582711680799056,103.82513677087559
PEMIMPIN PLACE PG,1.3533699374507553,103.8427195604123
SENNETT AVE LINEAR PK,1.3175811142104479,103.93596368818606
JALAN ISHAK PARK,1.3241437952211907,103.90719783457328
ARMENIAN STREET (FCP),1.2944825682465193,103.84950240265815
CONNAUGHT DRIVE,1.2898550095727748,103.85327993307943
BEDOK TOWN PK,1.3349549880090552,103.92387217567489
BEDOK RESERVOIR PK,1.3459933259135302,103.92681170117206
THOMSON GREEN PG,1.3786921826899698,103.83262325345856
THOMSON WALK PG,1.3760005695093736,103.83248564324286
BUKIT TIMAH NATURE RESERVE,1.3540594774830914,103.77909857931157
UPPER SELETAR RESERVOIR PARK,1.4012617805865533,103.80744001762055
UPPER PEIRCE RESERVOIR PARK,1.372790931891302,103.8118660984769
THOMSON NATURE PARK,1.3826408205974015,103.82203885112
WINDSOR NATURE PARK,1.3568152417609611,103.82125945835783
CHESTNUT NATURE PARK,1.3768728987522045,103.7794380914777
YIO CHU KANG GARDENS PG,1.3806814928245077,103.83748706008444
SUNRISE TERRACE OS,1.3882473907687642,103.85611706221468
PASIR RIS PK,1.3786842044661458,103.95217308419335
EAST COAST PARK AREA A3,1.2936133723084362,103.87743248143501
KALLANG RIVERSIDE PK,1.3077192992562736,103.86882040608398
GREENFIELD DR PG,1.3130354768413108,103.91765634990739
ANG MO KIO LINEAR PARK (PLOT 4),1.3790331421310842,103.86580841151152
MIMOSA WALK PG,1.3831048213252275,103.8614600654721
BIDADARI PARK MEMORIAL GARDEN,1.3380261473285449,103.87621365794008
MOUNT EMILY PK,1.3043894210860962,103.84760132717987
KHEAM HOCK PARK,1.3304196439193317,103.81923254295016
EAST COAST PARK AREA A,1.294049543075412,103.8695862425583
EAST COAST PARK AREA C,1.300351642181884,103.91246081295662
EAST COAST PARK AREA D,1.3042740209301276,103.92522216230095
EAST COAST PARK AREA E,1.3070449786389313,103.9326275617631
RAILWAY CORRIDOR RIFLE RANGE CONNECTOR,1.3413819155168811,103.77932119660633
HINDHEDE NATURE PARK,1.3502436897456513,103.77603671278706
RAIL CORRIDOR,1.403404697083653,103.7535615435598
BUKIT CHERMIN BOARDWALK,1.2652889536385035,103.80741828570511
TAMAN JURONG OASIS INTERIM PARK,1.3362545348812909,103.7189466652463
CHANGI POINT WATERFRONT PK,1.3904325383801885,103.98826627962663
KALLANG LINEAR PARK,1.350448945955464,103.855695269338
SENGKANG RIVERSIDE PK,1.399294054774728,103.88416770065491
YARROW PARK,1.3154230233737323,103.92150194857041
NATIVE PLANT CENTRE,1.417275032314564,103.72747774076977
CASHEW CRESCENT FC PG,1.3722448535894964,103.76949467203684
MARKET STREET PARK,1.2834502283692377,103.85025257823258
HAMPSTEAD WETLANDS PARK,1.4091868197909667,103.86927945315952
YOUTH OLYMPIC PK,1.2890334954393408,103.86063943545288
MACPHERSON LINEAR PK,1.333798453828737,103.88170606628692
JLN RASOK PK,1.4165006473676087,103.75903191338021
ALMOND CRESCENT PG,1.3732124444606688,103.77198060528261
HAZEL PK OS,1.37163460470993,103.76364488514353
VILLA VERDE PK,1.3904215007176348,103.75295144222655
ADMIRALTY PK,1.4503318491161403,103.78004641287625
WEST COAST PLACE PLAYGROUND,1.3142539349178524,103.7584501679103
FABER HEIGHTS OPEN SPACE,1.3225526407945265,103.75760856772877
JURONG CENTRAL PARK,1.3379796517924705,103.70787455591312
PASIR PANJANG PARK,1.2787465794512345,103.78392469711308
MARINE PARADE RD PK,1.3048983342893457,103.90802872780476
WILKINSON INTERIM PK,1.301651808654997,103.88731326519637
HAIG WALK (GEYLANG RD-DUNMAN RD),1.3065193220465947,103.90074024073
JOO CHIAT TERRACE PK,1.3144083767573245,103.90169892898828
MIMOSA TERRACE PG,1.3840503584655648,103.86044968587458
CACTUS RD PG,1.3901090514352157,103.8522364751832
SUNRISE DR PG II,1.3903014178123845,103.85525165964455
JLN RIANG PG,1.3471426063181149,103.86739535755741
MEI HWAN CRESCENT PG,1.3527669553308672,103.86174325855922
MEI HWAN DR PG,1.353350094653241,103.86347279914047
TAI HWAN TERRACE PG,1.3564455112390452,103.8603394027534
KIM SENG PK,1.2926204549536964,103.83425512283482
ST ANNE'S WOOD PG,1.39164006767556,103.9037361498062
PK VILLAS TERRACE PG,1.3689928277510748,103.87996361274367
CHUAN LANE PARK,1.3522010762455738,103.85798334050031
CHUAN GREEN PG,1.3604790873723065,103.86598964615847
JLN YASIN INTERIM PK,1.3213610329671235,103.90555486516999
WEST COAST PARK,1.2974744660721955,103.76283333952928
CLEMENTI WOODS PARK,1.298933535008352,103.76761685713186
YUNNAN PARK,1.3374845229127315,103.6929015341445
LAKESIDE GROVE PLAYGROUND,1.3400730144091693,103.71859444158254
WESTWOOD PARK PLAYGROUND,1.3518026478484713,103.70105312473154
WESTVILLE PLAYGROUND,1.3536022354009014,103.69953571293019
LAKESIDE GROVE FITNESS CORNER,1.3397230462753082,103.71705725432878
MARSILING PARK,1.4376329309119105,103.76993442303285
SHELFORD RD PG,1.3283701220240436,103.81043241139625
TENGAH LINEAR WOODS,1.3571013130590084,103.73691077910048
TEACHER`S ESTATE PG,1.3819922656659185,103.82919950234891
WESTWOOD FAMILY PARK ,1.35294852133288,103.69710308370425
BETING BRONOK,1.4370477517520357,104.04685703680678
DAIRY FARM NATURE PARK,1.3626384775861982,103.77355529295433
SUNGEI BULOH WETLAND RESERVE,1.4447381191641717,103.72452299950963
PEBBLE GARDEN,1.4506449229190037,103.82949312449735
SPRINGSIDE PK,1.4056718996982027,103.82060743564485
YISHUN POND PK,1.4280122121948642,103.83948703851448
CASHEW RD PG,1.3705998190999023,103.76466780670854
CHESTNUT DR PG,1.3676337346859269,103.76882971645354
STRATTON WALK PG,1.3791951949591588,103.86692143203751
WOODLANDS TOWN PK EAST,1.436674830922208,103.77932813568141
PASIR PANJANG NURSERY,1.2815897742709628,103.79387132036359
BEDOK RIA CRESCENT PG,1.3273348850995668,103.95308171715823
EAST COAST PARK AREA G,1.3137682704291629,103.95891892510602
TURNHOUSE PK,1.3899035701309008,103.97897923032566
SENNETT AVE OS,1.3187872216611933,103.93933426138598
BIDADARI PARK HILLOCK,1.3418935393748759,103.87310508558343
OLD UPPER ALJUNIED ROAD,1.3390547670947845,103.8749935408096
SUNGEI BULOH SOUTHERN EXTENSION,1.436285059352651,103.71979436257165
KRANJI RESERVOIR PARK A,1.4382098785143351,103.74293952538326
TAMAN DAMAI INTERIM PARK,1.3288479398294026,103.72378994034179
SEA BREEZE AVENUE PARK,1.338658385678849,103.95218941757773
LABRADOR VILLA PARK,1.2705289663752786,103.80090881679139
CHOA CHU KANG WAY PARK (PD WORKSITE),1.404775891590995,103.74582829087635
CHINESE GARDENS,1.3385945958962986,103.72982688801933
THE INGLEWOOD PG,1.3610744597438502,103.8300516835762
TEACHER'S ESTATE PARK,1.3847478642168611,103.83299103430383
KING'S RD PARK,1.3168886174972017,103.8048970870775
CHOA CHU KANG PK,1.3868788943205375,103.74719419176785
SOO CHOW WALK PG,1.3536471358300504,103.83202835279195
MOUNT FABER PARK,1.270551508736986,103.81933003105215
