school_name,address,postal_code,lat,lon,mainlevel_code,type_code,zone_code,dgp_code,sap_ind,autonomous_ind,gifted_ind
ADMIRALTY PRIMARY SCHOOL,11 WOODLANDS CIRCLE   ,738907,1.4426347903311,103.800040119743,PRIMARY,GOVERNMENT SCHOOL,NORTH,WOODLANDS,No,No,No
ADMIRALTY SECONDARY SCHOOL,31 WOODLANDS CRESCENT   ,737916,1.44589068910993,103.802398196596,SECONDARY (S1-S5),GOVERNMENT SCHOOL,NORTH,WOODLANDS,No,No,No
AHMAD IBRAHIM PRIMARY SCHOOL,10 YISHUN STREET 11   ,768643,1.43315271543517,103.832942401086,PRIMARY,GOVERNMENT SCHOOL,NORTH,YISHUN,No,No,No
AHMAD IBRAHIM SECONDARY SCHOOL,751 YISHUN AVENUE 7   ,768928,1.43605975368804,103.829718690077,SECONDARY (S1-S5),GOVERNMENT SCHOOL,NORTH,YISHUN,No,No,No
AI TONG SCHOOL,100 Bright Hill Drive   ,579646,1.3605834338904,103.833020333986,PRIMARY,GOVERNMENT-AIDED SCH,SOUTH,BISHAN,Yes,No,No
ALEXANDRA PRIMARY SCHOOL,2A Prince Charles Crescent   ,159016,1.29133439161334,103.824424680531,PRIMARY,GOVERNMENT SCHOOL,SOUTH,BUKIT MERAH,No,No,No
ANCHOR GREEN PRIMARY SCHOOL,31 Anchorvale Drive   ,544969,1.39036998654612,103.887165375933,PRIMARY,GOVERNMENT SCHOOL,NORTH,SENG KANG,No,No,No
ANDERSON PRIMARY SCHOOL,19 ANG MO KIO AVE 9   ,569785,1.38426429436736,103.841392081119,PRIMARY,GOVERNMENT SCHOOL,NORTH,ANG MO KIO,No,No,No
ANDERSON SECONDARY SCHOOL,10 ANG MO KIO STREET 53   ,569206,1.37434001701177,103.851554107068,SECONDARY (S1-S5),GOVERNMENT SCHOOL,NORTH,ANG MO KIO,No,Yes,No
ANDERSON SERANGOON JUNIOR COLLEGE,1033 Upper Serangoon Road   ,534768,1.36504342002442,103.887038809373,JUNIOR COLLEGE,GOVERNMENT SCHOOL,NORTH,HOUGANG,No,No,No
ANG MO KIO PRIMARY SCHOOL,20 ANG MO KIO AVENUE 3   ,569920,1.36932176584608,103.839630858752,PRIMARY,GOVERNMENT SCHOOL,SOUTH,ANG MO KIO,No,No,No
ANG MO KIO SECONDARY SCHOOL,6 ANG MO KIO STREET 22   ,569362,1.36733710171069,103.842154973672,SECONDARY (S1-S5),GOVERNMENT SCHOOL,SOUTH,ANG MO KIO,No,No,No
ANGLICAN HIGH SCHOOL,600 UPPER CHANGI ROAD   ,487012,1.33058126205128,103.941082513081,SECONDARY (S1-S4),GOVERNMENT-AIDED SCH,EAST,BEDOK,Yes,Yes,No
ANGLO-CHINESE JUNIOR COLLEGE,25 DOVER CLOSE EAST   ,139745,1.30304255193392,103.785358436408,JUNIOR COLLEGE,GOVERNMENT-AIDED SCH,WEST,QUEENSTOWN,No,No,No
ANGLO-CHINESE SCHOOL (BARKER ROAD),60 BARKER ROAD   ,309919,1.31961649151328,103.835772689988,SECONDARY (S1-S5),GOVERNMENT-AIDED SCH,SOUTH,NOVENA,No,No,No
ANGLO-CHINESE SCHOOL (INDEPENDENT),121 DOVER ROAD   ,139650,1.30370409257783,103.780363417671,MIXED LEVEL (S1-JC2),INDEPENDENT SCHOOL,SOUTH,QUEENSTOWN,No,No,Yes
ANGLO-CHINESE SCHOOL (JUNIOR),16 WINSTEDT ROAD   ,227988,1.30935041274966,103.840950265464,PRIMARY,GOVERNMENT-AIDED SCH,SOUTH,CENTRAL,No,No,No
ANGLO-CHINESE SCHOOL (PRIMARY),50 BARKER ROAD   ,309918,1.31837054523521,103.835609732354,PRIMARY,GOVERNMENT-AIDED SCH,SOUTH,NOVENA,No,No,Yes
ANGSANA PRIMARY SCHOOL,51 Tampines Street 61   ,528565,1.36360590588314,103.9389409004,PRIMARY,GOVERNMENT SCHOOL,EAST,TAMPINES,No,No,No
ASSUMPTION ENGLISH SCHOOL,622 UPPER BUKIT TIMAH ROAD   ,678117,1.36838160662857,103.766687526556,SECONDARY (S1-S5),GOVERNMENT-AIDED SCH,WEST,BUKIT PANJANG,No,No,No
ASSUMPTION PATHWAY SCHOOL,30 Cashew Road   ,679697,1.3696707043227,103.765959130581,SECONDARY (S1-S4),SPECIALISED INDEPENDENT SCHOOL,WEST,BUKIT PANJANG,No,No,No
BARTLEY SECONDARY SCHOOL,10 JALAN BUNGA RAMPAI   ,538403,1.33995415587811,103.882806211705,SECONDARY (S1-S5),GOVERNMENT SCHOOL,SOUTH,TOA PAYOH,No,No,No
BEACON PRIMARY SCHOOL,36 Bukit Panjang Ring Road   ,679944,1.38394936211823,103.773632022975,PRIMARY,GOVERNMENT SCHOOL,WEST,BUKIT PANJANG,No,No,No
BEATTY SECONDARY SCHOOL,1 TOA PAYOH NORTH   ,318990,1.341790284928,103.852280842345,SECONDARY (S1-S5),GOVERNMENT SCHOOL,SOUTH,TOA PAYOH,No,No,No
BEDOK GREEN PRIMARY SCHOOL,1 BEDOK SOUTH AVE 2   ,469317,1.32344593287992,103.937878976352,PRIMARY,GOVERNMENT SCHOOL,EAST,BEDOK,No,No,No
BEDOK GREEN SECONDARY SCHOOL,360 BEDOK NORTH AVE 3   ,469722,1.33451947288431,103.935028383346,SECONDARY (S1-S5),GOVERNMENT SCHOOL,EAST,BEDOK,No,No,No
BEDOK SOUTH SECONDARY SCHOOL,1 JALAN LANGGAR BEDOK   ,468585,1.32513655159184,103.950989139261,SECONDARY (S1-S5),GOVERNMENT SCHOOL,EAST,BEDOK,No,No,No
BEDOK VIEW SECONDARY SCHOOL,6 BEDOK SOUTH AVENUE 3   ,469293,1.32415704029686,103.943776245024,SECONDARY (S1-S5),GOVERNMENT SCHOOL,EAST,BEDOK,No,No,No
BENDEMEER PRIMARY SCHOOL,91 BENDEMEER ROAD   ,339948,1.32181250780475,103.865404167629,PRIMARY,GOVERNMENT SCHOOL,SOUTH,KALLANG,No,No,No
BENDEMEER SECONDARY SCHOOL,1 ST WILFRED ROAD   ,327919,1.32461111307996,103.860970284401,SECONDARY (S1-S5),GOVERNMENT SCHOOL,SOUTH,KALLANG,No,No,No
BLANGAH RISE PRIMARY SCHOOL,91 TELOK BLANGAH HEIGHTS   ,109100,1.27612047924037,103.808628535239,PRIMARY,GOVERNMENT SCHOOL,SOUTH,BUKIT MERAH,No,No,No
BOON LAY GARDEN PRIMARY SCHOOL,20 BOON LAY DRIVE   ,649930,1.34317853793318,103.713280889452,PRIMARY,GOVERNMENT SCHOOL,WEST,JURONG WEST,No,No,No
BOON LAY SECONDARY SCHOOL,11 JURONG WEST STREET 65   ,648354,1.34272216334333,103.701891453912,SECONDARY (S1-S5),GOVERNMENT SCHOOL,WEST,JURONG WEST,No,No,No
BOWEN SECONDARY SCHOOL,2 LORONG NAPIRI   ,547529,1.37035994436209,103.877659577677,SECONDARY (S1-S5),GOVERNMENT SCHOOL,NORTH,HOUGANG,No,No,No
BROADRICK SECONDARY SCHOOL,61 DAKOTA CRESCENT   ,399935,1.30705061123433,103.886917922608,SECONDARY (S1-S5),GOVERNMENT SCHOOL,EAST,GEYLANG,No,No,No
BUKIT BATOK SECONDARY SCHOOL,50 BUKIT BATOK WEST AVE 8   ,658962,1.34849111079052,103.74087370482,SECONDARY (S1-S5),GOVERNMENT SCHOOL,WEST,BUKIT BATOK,No,No,No
BUKIT MERAH SECONDARY SCHOOL,10 LENGKOK BAHRU   ,159050,1.28569283064288,103.813438929393,SECONDARY (S1-S5),GOVERNMENT SCHOOL,SOUTH,BUKIT MERAH,No,No,No
BUKIT PANJANG GOVT. HIGH SCHOOL,7 CHOA CHU KANG AVE 4   ,689809,1.38224243360043,103.738361221869,SECONDARY (S1-S5),GOVERNMENT SCHOOL,WEST,CHOA CHU KANG,No,Yes,No
BUKIT PANJANG PRIMARY SCHOOL,109 CASHEW ROAD   ,679676,1.37362179302436,103.769374904025,PRIMARY,GOVERNMENT SCHOOL,WEST,BUKIT PANJANG,No,No,No
BUKIT TIMAH PRIMARY SCHOOL,111 Lorong Kismis   ,598112,1.3372995575169,103.766828720721,PRIMARY,GOVERNMENT SCHOOL,WEST,BUKIT TIMAH,No,No,No
BUKIT VIEW PRIMARY SCHOOL,18 BUKIT BATOK STREET 21   ,659634,1.34586054788695,103.75366641455,PRIMARY,GOVERNMENT SCHOOL,WEST,BUKIT BATOK,No,No,No
BUKIT VIEW SECONDARY SCHOOL,16 BUKIT BATOK STREET 21   ,659633,1.3457330554294,103.752226593984,SECONDARY (S1-S5),GOVERNMENT SCHOOL,WEST,BUKIT BATOK,No,No,No
CANBERRA PRIMARY SCHOOL,21 ADMIRALTY DRIVE   ,757714,1.45125024371543,103.815858858929,PRIMARY,GOVERNMENT SCHOOL,NORTH,SEMBAWANG,No,No,No
CANBERRA SECONDARY SCHOOL,51 SEMBAWANG DRIVE   ,757699,1.45319086315972,103.814203583818,SECONDARY (S1-S5),GOVERNMENT SCHOOL,NORTH,SEMBAWANG,No,No,No
CANOSSA CATHOLIC PRIMARY SCHOOL,1 Sallim Road   ,387621,1.32664424544839,103.882227964852,PRIMARY,GOVERNMENT-AIDED SCH,EAST,GEYLANG,No,No,No
CANTONMENT PRIMARY SCHOOL,1 CANTONMENT CLOSE   ,88256,1.27547252623201,103.839962631748,PRIMARY,GOVERNMENT SCHOOL,SOUTH,BUKIT MERAH,No,No,No
CASUARINA PRIMARY SCHOOL,30 PASIR RIS ST 41   ,518935,1.37246063927999,103.957020286115,PRIMARY,GOVERNMENT SCHOOL,EAST,PASIR RIS,No,No,No
CATHOLIC HIGH SCHOOL,9 BISHAN STREET 22   ,579767,1.35452517065756,103.844900804804,MIXED LEVEL (P1-S4),GOVERNMENT-AIDED SCH,NORTH,BISHAN,Yes,Yes,Yes
CATHOLIC JUNIOR COLLEGE,129 WHITLEY ROAD   ,297822,1.32455605783219,103.835028842353,JUNIOR COLLEGE,GOVERNMENT-AIDED SCH,SOUTH,NOVENA,No,No,No
CEDAR GIRLS' SECONDARY SCHOOL,1 CEDAR AVENUE   ,349692,1.33375800216334,103.873933064886,SECONDARY (S1-S4),GOVERNMENT SCHOOL,SOUTH,TOA PAYOH,No,Yes,No
CEDAR PRIMARY SCHOOL,15 CEDAR AVENUE   ,349700,1.3355885014312,103.87562104944,PRIMARY,GOVERNMENT SCHOOL,SOUTH,TOA PAYOH,No,No,No
CHANGKAT CHANGI SECONDARY SCHOOL,23 SIMEI ST 3   ,529894,1.33950630072876,103.953245525564,SECONDARY (S1-S5),GOVERNMENT SCHOOL,EAST,TAMPINES,No,No,No
CHANGKAT PRIMARY SCHOOL,11 SIMEI ST 3   ,529896,1.34023163951633,103.952080114035,PRIMARY,GOVERNMENT SCHOOL,EAST,TAMPINES,No,No,No
CHIJ (KATONG) PRIMARY,17 MARTIA ROAD   ,424821,1.30648535277087,103.911105620496,PRIMARY,GOVERNMENT-AIDED SCH,EAST,BEDOK,No,No,No
CHIJ (KELLOCK),1 Bukit Teresa Road   ,99757,1.275022722964,103.828157564896,PRIMARY,GOVERNMENT-AIDED SCH,SOUTH,BUKIT MERAH,No,No,No
CHIJ KATONG CONVENT,346 MARINE TERRACE   ,449150,1.30644268034894,103.917144350028,SECONDARY (S1-S5),GOVERNMENT-AIDED SCH,EAST,MARINE PARADE,No,Yes,No
CHIJ OUR LADY OF GOOD COUNSEL,2C Burghley Drive   ,558979,1.35742952269615,103.864009397373,PRIMARY,GOVERNMENT-AIDED SCH,SOUTH,SERANGOON,No,No,No
CHIJ OUR LADY OF THE NATIVITY,1257 UPPER SERANGOON ROAD   ,534793,1.37330297140128,103.897575728303,PRIMARY,GOVERNMENT-AIDED SCH,SOUTH,HOUGANG,No,No,No
CHIJ OUR LADY QUEEN OF PEACE,4 Chestnut Drive   ,679287,1.366603668561,103.767412204602,PRIMARY,GOVERNMENT-AIDED SCH,WEST,BUKIT PANJANG,No,No,No
CHIJ PRIMARY (TOA PAYOH),628 Lorong 1 Toa Payoh   ,319765,1.33275264711587,103.841847263786,PRIMARY,GOVERNMENT-AIDED SCH,SOUTH,TOA PAYOH,No,No,No
CHIJ SECONDARY (TOA PAYOH),626 LORONG 1 TOA PAYOH   ,319764,1.33246079948303,103.843271625083,SECONDARY (S1-S5),GOVERNMENT-AIDED SCH,SOUTH,TOA PAYOH,No,Yes,No
CHIJ ST. JOSEPH'S CONVENT,62 SENGKANG EAST WAY   ,548595,1.39175222260369,103.902464991543,SECONDARY (S1-S5),GOVERNMENT-AIDED SCH,NORTH,SENG KANG,No,No,No
CHIJ ST. NICHOLAS GIRLS' SCHOOL,501 ANG MO KIO STREET 13   ,569405,1.37347687878916,103.834253269436,MIXED LEVEL (P1-S4),GOVERNMENT-AIDED SCH,NORTH,ANG MO KIO,Yes,Yes,No
CHIJ ST. THERESA'S CONVENT,160 LOWER DELTA ROAD   ,99138,1.27535177510054,103.822440701642,SECONDARY (S1-S5),GOVERNMENT-AIDED SCH,SOUTH,BUKIT MERAH,No,No,No
CHONGFU SCHOOL,170 YISHUN AVENUE 6   ,768959,1.43839562897006,103.839309173817,PRIMARY,GOVERNMENT-AIDED SCH,NORTH,YISHUN,No,No,No
CHONGZHENG PRIMARY SCHOOL,1 TAMPINES STREET 21   ,529392,1.35070739237744,103.951399541868,PRIMARY,GOVERNMENT SCHOOL,EAST,TAMPINES,No,No,No
CHRIST CHURCH SECONDARY SCHOOL,20 WOODLANDS DRIVE 17   ,737924,1.42656780901455,103.793451105242,SECONDARY (S1-S5),GOVERNMENT-AIDED SCH,NORTH,WOODLANDS,No,No,No
CHUA CHU KANG PRIMARY SCHOOL,20 CHOA CHU KANG AVENUE 2   ,689905,1.37775890093367,103.741832917421,PRIMARY,GOVERNMENT SCHOOL,WEST,CHOA CHU KANG,No,No,No
CHUA CHU KANG SECONDARY SCHOOL,31 TECK WHYE CRESCENT   ,688848,1.38333422637073,103.75510327583,SECONDARY (S1-S5),GOVERNMENT SCHOOL,WEST,CHOA CHU KANG,No,No,No
CHUNG CHENG HIGH SCHOOL (MAIN),50 GOODMAN ROAD   ,439012,1.30509154753048,103.891653229373,SECONDARY (S1-S4),GOVERNMENT-AIDED SCH,EAST,MARINE PARADE,Yes,Yes,No
CHUNG CHENG HIGH SCHOOL (YISHUN),11 YISHUN STREET 61   ,768547,1.41922603586175,103.837390782849,SECONDARY (S1-S5),GOVERNMENT-AIDED SCH,NORTH,YISHUN,No,No,No
CLEMENTI PRIMARY SCHOOL,8 CLEMENTI AVE 3   ,129903,1.31506321827875,103.763144493687,PRIMARY,GOVERNMENT SCHOOL,WEST,CLEMENTI,No,No,No
CLEMENTI TOWN SECONDARY SCHOOL,10 CLEMENTI AVE 3   ,129904,1.31553912945073,103.762020598524,SECONDARY (S1-S5),GOVERNMENT SCHOOL,WEST,CLEMENTI,No,No,No
COMMONWEALTH SECONDARY SCHOOL,698 WEST COAST ROAD   ,608784,1.31920395934801,103.745637393049,SECONDARY (S1-S5),GOVERNMENT SCHOOL,WEST,JURONG EAST,No,Yes,No
COMPASSVALE PRIMARY SCHOOL,21 COMPASSVALE ST   ,545091,1.39444529636566,103.897812229905,PRIMARY,GOVERNMENT SCHOOL,NORTH,SENG KANG,No,No,No
COMPASSVALE SECONDARY SCHOOL,51 COMPASSVALE CRESCENT   ,545083,1.39614083952009,103.899847164494,SECONDARY (S1-S5),GOVERNMENT SCHOOL,NORTH,SENG KANG,No,No,No
CONCORD PRIMARY SCHOOL,3 CHOA CHU KANG AVE 4   ,689814,1.38000806197242,103.736225440727,PRIMARY,GOVERNMENT SCHOOL,WEST,CHOA CHU KANG,No,No,No
CORPORATION PRIMARY SCHOOL,31 JURONG WEST STREET 24   ,648347,1.35099779872539,103.707593724342,PRIMARY,GOVERNMENT SCHOOL,WEST,JURONG WEST,No,No,No
CRESCENT GIRLS' SCHOOL,357 TANGLIN ROAD   ,247961,1.29331947077104,103.817544461755,SECONDARY (S1-S4),GOVERNMENT SCHOOL,SOUTH,BUKIT MERAH,No,Yes,No
CREST SECONDARY SCHOOL,561 JURONG EAST STREET 24   ,609561,1.3431198045076,103.742628105304,SECONDARY (S1-S4),SPECIALISED INDEPENDENT SCHOOL,WEST,JURONG EAST,No,No,No
DAMAI PRIMARY SCHOOL,52 BEDOK RESERVOIR CRESCENT   ,479226,1.33546106800406,103.921270169613,PRIMARY,GOVERNMENT SCHOOL,EAST,BEDOK,No,No,No
DAMAI SECONDARY SCHOOL,4800 BEDOK RESERVOIR ROAD   ,479229,1.33692798510393,103.927091653438,SECONDARY (S1-S5),GOVERNMENT SCHOOL,EAST,BEDOK,No,No,No
DAZHONG PRIMARY SCHOOL,35 BUKIT BATOK STREET 31   ,659441,1.3591797447277,103.74847210784,PRIMARY,GOVERNMENT SCHOOL,WEST,BUKIT BATOK,No,No,No
DE LA SALLE SCHOOL,11 Choa Chu Kang St 52   ,689285,1.3947078296399,103.743201812831,PRIMARY,GOVERNMENT-AIDED SCH,WEST,CHOA CHU KANG,No,No,No
DEYI SECONDARY SCHOOL,1 ANG MO KIO STREET 42   ,569277,1.36599702567717,103.852545772422,SECONDARY (S1-S5),GOVERNMENT SCHOOL,SOUTH,ANG MO KIO,No,No,No
DUNEARN SECONDARY SCHOOL,21 BUKIT BATOK WEST AVENUE 2   ,659204,1.36357900792871,103.74472109107,SECONDARY (S1-S5),GOVERNMENT SCHOOL,WEST,BUKIT BATOK,No,No,No
DUNMAN HIGH SCHOOL,10 TANJONG RHU ROAD   ,436895,1.29996216014962,103.88294155989,MIXED LEVEL (S1-JC2),GOVERNMENT SCHOOL,EAST,KALLANG,Yes,Yes,Yes
DUNMAN SECONDARY SCHOOL,21 TAMPINES STREET 45   ,529093,1.36065258337022,103.956213906966,SECONDARY (S1-S5),GOVERNMENT SCHOOL,EAST,TAMPINES,No,Yes,No
EAST SPRING PRIMARY SCHOOL,31 TAMPINES ST 33   ,529258,1.35268400746357,103.961676849165,PRIMARY,GOVERNMENT SCHOOL,EAST,TAMPINES,No,No,No
EAST SPRING SECONDARY SCHOOL,30 TAMPINES STREET 34   ,529231,1.35622508992581,103.960640700298,SECONDARY (S1-S5),GOVERNMENT SCHOOL,EAST,TAMPINES,No,No,No
EDGEFIELD PRIMARY SCHOOL,41 EDGEFIELD PLAINS   ,828869,1.40009139510996,103.907847599114,PRIMARY,GOVERNMENT SCHOOL,EAST,PUNGGOL,No,No,No
EDGEFIELD SECONDARY SCHOOL,36 PUNGGOL FIELD   ,828814,1.40059309981824,103.902687385465,SECONDARY (S1-S5),GOVERNMENT SCHOOL,EAST,PUNGGOL,No,No,No
ELIAS PARK PRIMARY SCHOOL,11 PASIR RIS STREET 52   ,518866,1.37451269377776,103.945128117139,PRIMARY,GOVERNMENT SCHOOL,EAST,PASIR RIS,No,No,No
ENDEAVOUR PRIMARY SCHOOL,10 Admiralty Link   ,757521,1.45403837499301,103.817436231731,PRIMARY,GOVERNMENT SCHOOL,NORTH,SEMBAWANG,No,No,No
EUNOIA JUNIOR COLLEGE,2 Sin Ming Place   ,573838,1.36213757183547,103.841286169122,JUNIOR COLLEGE,GOVERNMENT SCHOOL,NORTH,BISHAN,No,No,No
EVERGREEN PRIMARY SCHOOL,31 WOODLANDS CIRCLE   ,738908,1.44415332824735,103.794577787757,PRIMARY,GOVERNMENT SCHOOL,NORTH,WOODLANDS,No,No,No
EVERGREEN SECONDARY SCHOOL,11 WOODLANDS STREET 83   ,738489,1.44149131273737,103.794137756171,SECONDARY (S1-S5),GOVERNMENT SCHOOL,NORTH,WOODLANDS,No,No,No
FAIRFIELD METHODIST SCHOOL (PRIMARY),100 DOVER ROAD   ,139648,1.30054082453424,103.785438270044,PRIMARY,GOVERNMENT-AIDED SCH,SOUTH,QUEENSTOWN,No,No,No
FAIRFIELD METHODIST SCHOOL (SECONDARY),102 DOVER ROAD   ,139649,1.30163374395823,103.784099647149,SECONDARY (S1-S5),GOVERNMENT-AIDED SCH,SOUTH,QUEENSTOWN,No,Yes,No
FARRER PARK PRIMARY SCHOOL,2 FARRER PARK ROAD   ,217567,1.31236867681371,103.850766402965,PRIMARY,GOVERNMENT SCHOOL,SOUTH,KALLANG,No,No,No
FENGSHAN PRIMARY SCHOOL,307 BEDOK NORTH ROAD   ,469680,1.32980598760785,103.931710293058,PRIMARY,GOVERNMENT SCHOOL,EAST,BEDOK,No,No,No
FERN GREEN PRIMARY SCHOOL,70 Fernvale Link   Fern Green Primary School,797538,1.39726966050479,103.880330305684,PRIMARY,GOVERNMENT SCHOOL,NORTH,SENG KANG,No,No,No
FERNVALE PRIMARY SCHOOL,1 Fernvale Lane   ,797701,1.39030227963797,103.874445458032,PRIMARY,GOVERNMENT SCHOOL,NORTH,SENG KANG,No,No,No
FIRST TOA PAYOH PRIMARY SCHOOL,7 LORONG 8 TOA PAYOH   ,319252,1.34032299499938,103.855529906182,PRIMARY,GOVERNMENT SCHOOL,SOUTH,TOA PAYOH,No,No,No
FRONTIER PRIMARY SCHOOL,20 Jurong West Street 61   ,648200,1.33641298743234,103.69970173931,PRIMARY,GOVERNMENT SCHOOL,WEST,JURONG WEST,No,No,No
FUCHUN PRIMARY SCHOOL,23 WOODLANDS AVENUE 1   ,739063,1.43047990810126,103.778192944298,PRIMARY,GOVERNMENT SCHOOL,NORTH,WOODLANDS,No,No,No
FUHUA PRIMARY SCHOOL,65 JURONG EAST STREET 13   ,609647,1.33650394789627,103.736103745748,PRIMARY,GOVERNMENT SCHOOL,WEST,JURONG EAST,No,No,No
FUHUA SECONDARY SCHOOL,5 JURONG WEST STREET 41   ,649410,1.34701408913756,103.72652089832,SECONDARY (S1-S5),GOVERNMENT SCHOOL,WEST,JURONG WEST,No,No,No
GAN ENG SENG PRIMARY SCHOOL,100 REDHILL CLOSE   ,158901,1.28559516494962,103.815547410064,PRIMARY,GOVERNMENT SCHOOL,SOUTH,BUKIT MERAH,No,No,No
GAN ENG SENG SCHOOL,1 HENDERSON ROAD   ,159561,1.28907114485773,103.823733673089,SECONDARY (S1-S5),GOVERNMENT SCHOOL,SOUTH,BUKIT MERAH,No,No,No
GEYLANG METHODIST SCHOOL (PRIMARY),4 Geylang East Central   ,389706,1.31759126757284,103.883845744916,PRIMARY,GOVERNMENT-AIDED SCH,EAST,GEYLANG,No,No,No
GEYLANG METHODIST SCHOOL (SECONDARY),2 GEYLANG EAST CENTRAL   ,389705,1.31764900474601,103.882661129303,SECONDARY (S1-S5),GOVERNMENT-AIDED SCH,EAST,GEYLANG,No,No,No
GONGSHANG PRIMARY SCHOOL,1 TAMPINES STREET 42   ,529176,1.35723721393297,103.949115320172,PRIMARY,GOVERNMENT SCHOOL,EAST,TAMPINES,No,No,No
GREENDALE PRIMARY SCHOOL,50 Edgedale Plains   ,828848,1.39648195114256,103.91233462071,PRIMARY,GOVERNMENT SCHOOL,EAST,PUNGGOL,No,No,No
GREENDALE SECONDARY SCHOOL,51 EDGEDALE PLAINS   ,828866,1.39696019936894,103.91170014084,SECONDARY (S1-S5),GOVERNMENT SCHOOL,EAST,PUNGGOL,No,No,No
GREENRIDGE PRIMARY SCHOOL,11 JELAPANG ROAD   ,677744,1.3858892193692,103.767794469258,PRIMARY,GOVERNMENT SCHOOL,WEST,BUKIT PANJANG,No,No,No
GREENRIDGE SECONDARY SCHOOL,31 Gangsa Road   ,678972,1.375600053443,103.763998914082,SECONDARY (S1-S5),GOVERNMENT SCHOOL,WEST,BUKIT PANJANG,No,No,No
GREENWOOD PRIMARY SCHOOL,11 WOODLANDS  DR  62   ,737942,1.43989958331782,103.804725587384,PRIMARY,GOVERNMENT SCHOOL,NORTH,WOODLANDS,No,No,No
GUANGYANG SECONDARY SCHOOL,8 BISHAN STREET 12   ,579807,1.34440943525695,103.850212163078,SECONDARY (S1-S5),GOVERNMENT SCHOOL,SOUTH,BISHAN,No,No,No
HAI SING CATHOLIC SCHOOL,9 Pasir Ris Drive 6   ,519421,1.3743371707478,103.954544548905,SECONDARY (S1-S5),GOVERNMENT-AIDED SCH,EAST,PASIR RIS,No,No,No
HAIG GIRLS' SCHOOL,51 Koon Seng Road   ,427072,1.31194344271383,103.902902557195,PRIMARY,GOVERNMENT SCHOOL,EAST,GEYLANG,No,No,No
HENRY PARK PRIMARY SCHOOL,1 HOLLAND GROVE ROAD   ,278790,1.31667646178347,103.784296227747,PRIMARY,GOVERNMENT SCHOOL,WEST,BUKIT TIMAH,No,No,Yes
HILLGROVE SECONDARY SCHOOL,10 BUKIT BATOK STREET 52   ,659250,1.35273576615912,103.752986488399,SECONDARY (S1-S5),GOVERNMENT SCHOOL,WEST,BUKIT BATOK,No,No,No
HOLY INNOCENTS' HIGH SCHOOL,1191 UPPER SERANGOON ROAD   ,534786,1.37154508822261,103.896398814264,SECONDARY (S1-S5),GOVERNMENT-AIDED SCH,SOUTH,HOUGANG,No,No,No
HOLY INNOCENTS' PRIMARY SCHOOL,5 Lorong Low Koon   ,536451,1.36693830877349,103.894114899795,PRIMARY,GOVERNMENT-AIDED SCH,SOUTH,HOUGANG,Yes,No,No
HONG WEN SCHOOL,30 TOWNER ROAD   ,327829,1.32175999964553,103.857628468881,PRIMARY,GOVERNMENT-AIDED SCH,SOUTH,KALLANG,Yes,No,No
HORIZON PRIMARY SCHOOL,61 Edgedale Plains   ,828819,1.399550034492,103.913404855665,PRIMARY,GOVERNMENT SCHOOL,EAST,PUNGGOL,No,No,No
HOUGANG PRIMARY SCHOOL,1 HOUGANG ST 93   ,534238,1.37738245231461,103.880805274557,PRIMARY,GOVERNMENT SCHOOL,NORTH,HOUGANG,No,No,No
HOUGANG SECONDARY SCHOOL,2 HOUGANG STREET 93   ,534256,1.3776287955319,103.882539108965,SECONDARY (S1-S5),GOVERNMENT SCHOOL,NORTH,HOUGANG,No,No,No
HUA YI SECONDARY SCHOOL,60 JURONG WEST ST 42   ,649371,1.35234365488339,103.721832320169,SECONDARY (S1-S5),GOVERNMENT SCHOOL,WEST,JURONG WEST,No,No,No
HUAMIN PRIMARY SCHOOL,21 YISHUN AVENUE 11   ,768857,1.42697284512936,103.844240226564,PRIMARY,GOVERNMENT SCHOOL,NORTH,YISHUN,No,No,No
HWA CHONG INSTITUTION,661 BUKIT TIMAH ROAD   ,269734,1.32561493280909,103.805730574839,MIXED LEVEL (S1-JC2),INDEPENDENT SCHOOL,WEST,BUKIT TIMAH,Yes,No,Yes
INNOVA PRIMARY SCHOOL,80 Woodlands Drive 17   ,737888,1.42896700684852,103.790607539185,PRIMARY,GOVERNMENT SCHOOL,NORTH,WOODLANDS,No,No,No
JIEMIN PRIMARY SCHOOL,2 YISHUN STREET 71   ,768515,1.42768847665227,103.830425490093,PRIMARY,GOVERNMENT SCHOOL,NORTH,YISHUN,No,No,No
JING SHAN PRIMARY SCHOOL,5 ANG MO KIO ST 52   ,569228,1.37223290983498,103.852132214306,PRIMARY,GOVERNMENT SCHOOL,SOUTH,ANG MO KIO,No,No,No
JUNYUAN PRIMARY SCHOOL,2 Tampines Street 91   ,528906,1.34787074766746,103.939221709073,PRIMARY,GOVERNMENT SCHOOL,EAST,TAMPINES,No,No,No
JUNYUAN SECONDARY SCHOOL,11 TAMPINES STREET 84   ,528933,1.35361315263537,103.933886165824,SECONDARY (S1-S5),GOVERNMENT SCHOOL,EAST,TAMPINES,No,No,No
JURONG PIONEER JUNIOR COLLEGE,21 Teck Whye Walk   ,688258,1.38437406410733,103.75437461519,JUNIOR COLLEGE,GOVERNMENT SCHOOL,WEST,CHOA CHU KANG,No,No,No
JURONG PRIMARY SCHOOL,320 JURONG EAST Street 32   ,609476,1.34843859698946,103.733156566858,PRIMARY,GOVERNMENT SCHOOL,WEST,JURONG EAST,No,No,No
JURONG SECONDARY SCHOOL,31 YUAN CHING ROAD   ,618652,1.33002032220942,103.723952961648,SECONDARY (S1-S5),GOVERNMENT SCHOOL,WEST,JURONG WEST,No,No,No
JURONG WEST PRIMARY SCHOOL,30 JURONG WEST ST 61   ,648368,1.33917519796104,103.698803732244,PRIMARY,GOVERNMENT SCHOOL,WEST,JURONG WEST,No,No,No
JURONG WEST SECONDARY SCHOOL,61 JURONG WEST STREET 65   ,648348,1.33525634688323,103.702098904443,SECONDARY (S1-S5),GOVERNMENT SCHOOL,WEST,JURONG WEST,No,No,No
JURONGVILLE SECONDARY SCHOOL,202 JURONG EAST AVENUE 1   ,609790,1.35128862770284,103.728907710089,SECONDARY (S1-S5),GOVERNMENT SCHOOL,WEST,JURONG EAST,No,No,No
JUYING SECONDARY SCHOOL,33 JURONG WEST STREET 91   ,649038,1.3387227734133,103.687310264575,SECONDARY (S1-S5),GOVERNMENT SCHOOL,WEST,JURONG WEST,No,No,No
KEMING PRIMARY SCHOOL,90 BUKIT BATOK EAST AVENUE 6   ,659762,1.34552849960874,103.756449399351,PRIMARY,GOVERNMENT SCHOOL,WEST,BUKIT BATOK,No,No,No
KENT RIDGE SECONDARY SCHOOL,147 WEST COAST ROAD   ,127368,1.30122773426098,103.764889617566,SECONDARY (S1-S5),GOVERNMENT SCHOOL,WEST,CLEMENTI,No,No,No
KHENG CHENG SCHOOL,15 LORONG 3 TOA PAYOH   ,319580,1.3373381935639,103.847148501824,PRIMARY,GOVERNMENT-AIDED SCH,SOUTH,TOA PAYOH,No,No,No
KONG HWA SCHOOL,350 GUILLEMARD ROAD   ,399772,1.31099674009193,103.888352029067,PRIMARY,GOVERNMENT-AIDED SCH,EAST,GEYLANG,Yes,No,No
KRANJI PRIMARY SCHOOL,11 CHOA CHU KANG STREET 54   ,689189,1.39356050497104,103.747362720939,PRIMARY,GOVERNMENT SCHOOL,WEST,CHOA CHU KANG,No,No,No
KRANJI SECONDARY SCHOOL,61 CHOA CHU KANG STREET 51   ,689333,1.39005109871311,103.741190664845,SECONDARY (S1-S5),GOVERNMENT SCHOOL,WEST,CHOA CHU KANG,No,No,No
KUO CHUAN PRESBYTERIAN PRIMARY SCHOOL,8 BISHAN STREET 13   ,579793,1.34939813669536,103.855018233311,PRIMARY,GOVERNMENT-AIDED SCH,SOUTH,BISHAN,No,No,No
KUO CHUAN PRESBYTERIAN SECONDARY SCHOOL,10 BISHAN STREET 13   ,579795,1.35017129930314,103.854983746416,SECONDARY (S1-S5),GOVERNMENT-AIDED SCH,SOUTH,BISHAN,No,No,No
LAKESIDE PRIMARY SCHOOL,161 Corporation Walk   ,618310,1.33820397704287,103.718089546664,PRIMARY,GOVERNMENT SCHOOL,WEST,JURONG WEST,No,No,No
LIANHUA PRIMARY SCHOOL,2 BUKIT BATOK STREET 52   ,659243,1.35424191127295,103.754165828711,PRIMARY,GOVERNMENT SCHOOL,WEST,BUKIT BATOK,No,No,No
LOYANG VIEW SECONDARY SCHOOL,12 PASIR RIS STREET 11   ,519073,1.36658417167238,103.956944585725,SECONDARY (S1-S5),GOVERNMENT SCHOOL,EAST,PASIR RIS,No,No,No
MAHA BODHI SCHOOL,10 UBI AVENUE 1   ,408931,1.32847086658384,103.901298737314,PRIMARY,GOVERNMENT-AIDED SCH,EAST,GEYLANG,Yes,No,No
MANJUSRI SECONDARY SCHOOL,20 UBI AVENUE 1   ,408940,1.32747123084846,103.901719963831,SECONDARY (S1-S5),GOVERNMENT-AIDED SCH,EAST,GEYLANG,No,No,No
MARIS STELLA HIGH SCHOOL,25 MOUNT VERNON ROAD   ,368051,1.34139473323668,103.877852484435,MIXED LEVEL (P1-S4),GOVERNMENT-AIDED SCH,NORTH,TOA PAYOH,Yes,Yes,No
MARSILING PRIMARY SCHOOL,31 WOODLANDS CENTRE ROAD   ,738927,1.43383904037059,103.773643013846,PRIMARY,GOVERNMENT SCHOOL,NORTH,WOODLANDS,No,No,No
MARSILING SECONDARY SCHOOL,12 MARSILING ROAD   ,739110,1.43664424769955,103.776008090454,SECONDARY (S1-S5),GOVERNMENT SCHOOL,NORTH,WOODLANDS,No,No,No
MARYMOUNT CONVENT SCHOOL,20 Marymount Road   ,297754,1.34036676987375,103.840021064426,PRIMARY,GOVERNMENT-AIDED SCH,SOUTH,TOA PAYOH,No,No,No
MAYFLOWER PRIMARY SCHOOL,200 Ang Mo Kio Avenue 5   ,569878,1.37637683547682,103.843252803742,PRIMARY,GOVERNMENT SCHOOL,SOUTH,ANG MO KIO,No,No,No
MAYFLOWER SECONDARY SCHOOL,2 ANG MO KIO STREET 21   ,569384,1.36827266209722,103.835360726863,SECONDARY (S1-S5),GOVERNMENT SCHOOL,SOUTH,ANG MO KIO,No,No,No
MEE TOH SCHOOL,21 EDGEDALE PLAINS   ,828867,1.3946184538592,103.908589494228,PRIMARY,GOVERNMENT-AIDED SCH,NORTH,PUNGGOL,No,No,No
MERIDIAN PRIMARY SCHOOL,20 PASIR RIS ST 71   ,518798,1.37552831658484,103.934889078518,PRIMARY,GOVERNMENT SCHOOL,EAST,PASIR RIS,No,No,No
MERIDIAN SECONDARY SCHOOL,31 PASIR RIS STREET 51   ,518901,1.3672468492013,103.948972483629,SECONDARY (S1-S5),GOVERNMENT SCHOOL,EAST,PASIR RIS,No,No,No
METHODIST GIRLS' SCHOOL (PRIMARY),11 Blackmore Drive   ,599986,1.33294800935714,103.783393009829,PRIMARY,GOVERNMENT-AIDED SCH,WEST,BUKIT TIMAH,No,No,No
METHODIST GIRLS' SCHOOL (SECONDARY),11 BLACKMORE DRIVE   ,599986,1.33294800935714,103.783393009829,SECONDARY (S1-S4),INDEPENDENT SCHOOL,WEST,BUKIT TIMAH,No,No,No
MILLENNIA INSTITUTE,60 Bukit Batok West Avenue 8   ,658965,1.35031939200985,103.741593577684,CENTRALISED INSTITUTE,GOVERNMENT SCHOOL,WEST,BUKIT BATOK,No,No,No
MONTFORT JUNIOR SCHOOL,52 HOUGANG AVENUE 8   ,538786,1.37382444075979,103.889307782925,PRIMARY,GOVERNMENT-AIDED SCH,NORTH,HOUGANG,No,No,No
MONTFORT SECONDARY SCHOOL,50 HOUGANG AVENUE 8   ,538785,1.37396131656912,103.888928372577,SECONDARY (S1-S5),GOVERNMENT-AIDED SCH,NORTH,HOUGANG,No,No,No
NAN CHIAU HIGH SCHOOL,20 ANCHORVALE LINK   ,545079,1.38879582498399,103.890004423764,SECONDARY (S1-S5),GOVERNMENT-AIDED SCH,NORTH,SENG KANG,Yes,No,No
NAN CHIAU PRIMARY SCHOOL,50 ANCHORVALE LINK   ,545080,1.39221149906592,103.891180928186,PRIMARY,GOVERNMENT-AIDED SCH,NORTH,SENG KANG,No,No,No
NAN HUA HIGH SCHOOL,41 CLEMENTI AVENUE 1   ,129956,1.30809529518605,103.768561446725,SECONDARY (S1-S5),GOVERNMENT SCHOOL,WEST,CLEMENTI,Yes,Yes,No
NAN HUA PRIMARY SCHOOL,30 Jalan Lempeng   ,128806,1.31920159956387,103.761095065761,PRIMARY,GOVERNMENT-AIDED SCH,WEST,CLEMENTI,Yes,No,Yes
NANYANG GIRLS' HIGH SCHOOL,2 LINDEN DRIVE   ,288683,1.33058326666479,103.802420979943,SECONDARY (S1-S4),INDEPENDENT SCHOOL,WEST,BUKIT TIMAH,Yes,No,Yes
NANYANG JUNIOR COLLEGE,128 SERANGOON AVENUE 3   ,556111,1.35028314949236,103.866498721912,JUNIOR COLLEGE,GOVERNMENT-AIDED SCH,SOUTH,SERANGOON,No,No,No
NANYANG PRIMARY SCHOOL,52 KING'S ROAD   ,268097,1.32084749904532,103.807750155296,PRIMARY,GOVERNMENT-AIDED SCH,WEST,BUKIT TIMAH,Yes,No,Yes
NATIONAL JUNIOR COLLEGE,37 HILLCREST ROAD   ,288913,1.33029291072172,103.804110905425,MIXED LEVEL (S1-JC2),GOVERNMENT SCHOOL,SOUTH,BUKIT TIMAH,No,No,No
NAVAL BASE PRIMARY SCHOOL,7 YISHUN AVE 4   ,769028,1.41630663159387,103.838794077233,PRIMARY,GOVERNMENT SCHOOL,NORTH,YISHUN,No,No,No
NAVAL BASE SECONDARY SCHOOL,901 YISHUN RING ROAD   ,768689,1.41937881620441,103.831050390247,SECONDARY (S1-S5),GOVERNMENT SCHOOL,NORTH,YISHUN,No,No,No
NEW TOWN PRIMARY SCHOOL,300 Tanglin Halt Road   ,148812,1.29964188181021,103.80010216304,PRIMARY,GOVERNMENT SCHOOL,SOUTH,QUEENSTOWN,No,No,No
NEW TOWN SECONDARY SCHOOL,1020 DOVER ROAD   ,139657,1.30977590011357,103.77318863421,SECONDARY (S1-S5),GOVERNMENT SCHOOL,WEST,QUEENSTOWN,No,No,No
NGEE ANN PRIMARY SCHOOL,344 MARINE TERRACE   ,449149,1.30552505910497,103.917463017497,PRIMARY,GOVERNMENT-AIDED SCH,EAST,MARINE PARADE,No,No,No
NGEE ANN SECONDARY SCHOOL,1 TAMPINES STREET 32   ,529283,1.35447525755806,103.956747262496,SECONDARY (S1-S5),GOVERNMENT-AIDED SCH,EAST,TAMPINES,No,Yes,No
NORTH SPRING PRIMARY SCHOOL,1 RIVERVALE STREET   ,545088,1.38706146494859,103.903202683028,PRIMARY,GOVERNMENT SCHOOL,NORTH,SENG KANG,No,No,No
NORTH VIEW PRIMARY SCHOOL,210 YISHUN AVENUE 6   ,768960,1.42752327193727,103.848190787869,PRIMARY,GOVERNMENT SCHOOL,NORTH,YISHUN,No,No,No
NORTH VISTA PRIMARY SCHOOL,20 Compassvale Link   ,544974,1.38282243016299,103.895961877928,PRIMARY,GOVERNMENT SCHOOL,NORTH,SENG KANG,No,No,No
NORTH VISTA SECONDARY SCHOOL,11 RIVERVALE LINK   ,545081,1.381131285358,103.899188813886,SECONDARY (S1-S5),GOVERNMENT SCHOOL,NORTH,SENG KANG,No,No,No
NORTHBROOKS SECONDARY SCHOOL,585 YISHUN RING ROAD   ,768692,1.42081285020652,103.845147332528,SECONDARY (S1-S5),GOVERNMENT SCHOOL,NORTH,YISHUN,No,No,No
NORTHLAND PRIMARY SCHOOL,15 YISHUN AVENUE 4   ,769026,1.42096989918951,103.840928424929,PRIMARY,GOVERNMENT SCHOOL,NORTH,YISHUN,No,No,No
NORTHLAND SECONDARY SCHOOL,3 YISHUN STREET 22   ,768578,1.43580183362637,103.840104687784,SECONDARY (S1-S5),GOVERNMENT SCHOOL,NORTH,YISHUN,No,No,No
NORTHLIGHT SCHOOL,151 Towner Road   ,327830,1.3191002158167,103.85575955353,SECONDARY (S1-S4),SPECIALISED INDEPENDENT SCHOOL,SOUTH,KALLANG,No,No,No
NORTHOAKS PRIMARY SCHOOL,61 Sembawang Drive   ,757622,1.45660782030102,103.814196981329,PRIMARY,GOVERNMENT SCHOOL,NORTH,SEMBAWANG,No,No,No
NORTHSHORE PRIMARY SCHOOL,30 Northshore Drive   ,828671,1.41813803336667,103.904416909742,PRIMARY,GOVERNMENT SCHOOL,EAST,PUNGGOL,No,No,No
NUS HIGH SCHOOL OF MATHEMATICS AND SCIENCE,20 Clementi Avenue 1   ,129957,1.30600678096247,103.770152807737,MIXED LEVEL (S1-JC2),SPECIALISED SCHOOL,WEST,CLEMENTI,No,No,Yes
OASIS PRIMARY SCHOOL,71 Edgefield Plains   ,828716,1.40462413200793,103.911120600638,PRIMARY,GOVERNMENT SCHOOL,EAST,PUNGGOL,No,No,No
OPERA ESTATE PRIMARY SCHOOL,48 FIDELIO STREET   ,458436,1.31931914436255,103.923788259248,PRIMARY,GOVERNMENT SCHOOL,EAST,BEDOK,No,No,No
ORCHID PARK SECONDARY SCHOOL,10 YISHUN STREET 81   ,768454,1.41532032779634,103.837859241343,SECONDARY (S1-S5),GOVERNMENT SCHOOL,NORTH,YISHUN,No,No,No
OUTRAM SECONDARY SCHOOL,48 Anchorvale Crescent   ,549936,1.39775020428346,103.891230426312,SECONDARY (S1-S5),GOVERNMENT SCHOOL,NORTH,SENG KANG,No,No,No
PALM VIEW PRIMARY SCHOOL,150 Compassvale Bow   ,544822,1.38376923022123,103.891354675017,PRIMARY,GOVERNMENT SCHOOL,NORTH,SENG KANG,No,No,No
PARK VIEW PRIMARY SCHOOL,60 PASIR RIS DRIVE 1   ,519524,1.37738069854249,103.939541695654,PRIMARY,GOVERNMENT SCHOOL,EAST,PASIR RIS,No,No,No
PASIR RIS CREST SECONDARY SCHOOL,11 PASIR RIS STREET 41   ,518934,1.37284060102246,103.959728202919,SECONDARY (S1-S5),GOVERNMENT SCHOOL,EAST,PASIR RIS,No,No,No
PASIR RIS PRIMARY SCHOOL,5 PASIR RIS STREET 21   ,518968,1.37241870245531,103.962807212116,PRIMARY,GOVERNMENT SCHOOL,EAST,PASIR RIS,No,No,No
PASIR RIS SECONDARY SCHOOL,390 TAMPINES STREET 21   ,529400,1.35422732653396,103.948962626204,SECONDARY (S1-S5),GOVERNMENT SCHOOL,EAST,TAMPINES,No,No,No
PAYA LEBAR METHODIST GIRLS' SCHOOL (PRIMARY),298 LORONG AH SOO   ,536741,1.34947276268396,103.884971343143,PRIMARY,GOVERNMENT-AIDED SCH,EAST,HOUGANG,No,No,No
PAYA LEBAR METHODIST GIRLS' SCHOOL (SECONDARY),296 LOR AH SOO   ,536742,1.35096755912522,103.885120050588,SECONDARY (S1-S5),GOVERNMENT-AIDED SCH,EAST,HOUGANG,No,Yes,No
PEI CHUN PUBLIC SCHOOL,16 LORONG 7 TOA PAYOH   ,319320,1.33737358725951,103.855585578061,PRIMARY,GOVERNMENT-AIDED SCH,SOUTH,TOA PAYOH,Yes,No,No
PEI HWA PRESBYTERIAN PRIMARY SCHOOL,7 PEI WAH AVENUE   ,597610,1.33805634613048,103.776106448614,PRIMARY,GOVERNMENT-AIDED SCH,WEST,BUKIT TIMAH,Yes,No,No
PEI HWA SECONDARY SCHOOL,21 FERNVALE LINK   ,797702,1.39037504993234,103.878461745339,SECONDARY (S1-S5),GOVERNMENT SCHOOL,NORTH,SENG KANG,No,No,No
PEI TONG PRIMARY SCHOOL,15 CLEMENTI AVENUE 5   ,129857,1.31619786415976,103.767599818844,PRIMARY,GOVERNMENT SCHOOL,WEST,CLEMENTI,No,No,No
PEICAI SECONDARY SCHOOL,10 SERANGOON AVENUE 4   ,556094,1.35951583222214,103.870010749055,SECONDARY (S1-S5),GOVERNMENT SCHOOL,SOUTH,SERANGOON,No,No,No
PEIRCE SECONDARY SCHOOL,10 SIN MING WALK   ,575566,1.36665944653812,103.83021606804,SECONDARY (S1-S5),GOVERNMENT SCHOOL,SOUTH,BISHAN,No,No,No
PEIYING PRIMARY SCHOOL,651 YISHUN RING ROAD   ,768687,1.41723339695904,103.830417090698,PRIMARY,GOVERNMENT SCHOOL,NORTH,YISHUN,No,No,No
PIONEER PRIMARY SCHOOL,80 TENGAH GARDEN AVENUE   ,699915,1.35442592930738,103.732790920197,PRIMARY,GOVERNMENT SCHOOL,WEST,TENGAH,No,No,No
POI CHING SCHOOL,21 TAMPINES STREET 71   ,529067,1.35765122315688,103.935246477199,PRIMARY,GOVERNMENT-AIDED SCH,EAST,TAMPINES,Yes,No,No
PRESBYTERIAN HIGH SCHOOL,5209 ANG MO KIO AVENUE 6   ,569845,1.38201194250223,103.843149382823,SECONDARY (S1-S5),GOVERNMENT-AIDED SCH,SOUTH,ANG MO KIO,No,No,No
PRINCESS ELIZABETH PRIMARY SCHOOL,30 BUKIT BATOK WEST AVENUE 3   ,659163,1.349203512653,103.74101964471,PRIMARY,GOVERNMENT SCHOOL,WEST,BUKIT BATOK,No,No,No
PUNGGOL COVE PRIMARY SCHOOL,52 Sumang Walk   ,828674,1.41159923273069,103.898803921164,PRIMARY,GOVERNMENT SCHOOL,EAST,PUNGGOL,No,No,No
PUNGGOL GREEN PRIMARY SCHOOL,98 Punggol Walk   ,828772,1.40187220643293,103.898801330302,PRIMARY,GOVERNMENT SCHOOL,EAST,PUNGGOL,No,No,No
PUNGGOL PRIMARY SCHOOL,61 HOUGANG AVENUE 8   ,538787,1.37779451191095,103.894506933668,PRIMARY,GOVERNMENT SCHOOL,SOUTH,HOUGANG,No,No,No
PUNGGOL SECONDARY SCHOOL,51 EDGEFIELD PLAINS   ,828870,1.40205738421399,103.909213706482,SECONDARY (S1-S5),GOVERNMENT SCHOOL,EAST,PUNGGOL,No,No,No
PUNGGOL VIEW PRIMARY SCHOOL,9 Punggol Place   ,828845,1.40514582647962,103.905156371376,PRIMARY,GOVERNMENT SCHOOL,EAST,PUNGGOL,No,No,No
QIFA PRIMARY SCHOOL,50 WEST COAST AVENUE   ,128104,1.31325113867272,103.756743261958,PRIMARY,GOVERNMENT SCHOOL,WEST,CLEMENTI,No,No,No
QIHUA PRIMARY SCHOOL,5 WOODLANDS STREET 81   ,738525,1.4420359661233,103.788339756898,PRIMARY,GOVERNMENT SCHOOL,NORTH,WOODLANDS,No,No,No
QUEENSTOWN PRIMARY SCHOOL,310 MARGARET DR   ,149303,1.29559365009015,103.807548617332,PRIMARY,GOVERNMENT SCHOOL,SOUTH,QUEENSTOWN,No,No,No
QUEENSTOWN SECONDARY SCHOOL,1 STRATHMORE ROAD   ,148800,1.29352126774652,103.813190980055,SECONDARY (S1-S5),GOVERNMENT SCHOOL,SOUTH,QUEENSTOWN,No,No,No
QUEENSWAY SECONDARY SCHOOL,2A MARGARET DRIVE   ,149295,1.30022271592188,103.802207291625,SECONDARY (S1-S5),GOVERNMENT SCHOOL,SOUTH,QUEENSTOWN,No,No,No
RADIN MAS PRIMARY SCHOOL,1 BUKIT PURMEI AVENUE   ,99840,1.27495823622634,103.824188270373,PRIMARY,GOVERNMENT SCHOOL,SOUTH,BUKIT MERAH,No,No,No
RAFFLES GIRLS' PRIMARY SCHOOL,21 Hillcrest Road   ,289072,1.3294042600012,103.806442915912,PRIMARY,GOVERNMENT SCHOOL,SOUTH,BUKIT TIMAH,No,No,Yes
RAFFLES GIRLS' SCHOOL (SECONDARY),2 BRADDELL RISE   ,318871,1.34217479932295,103.84313404727,SECONDARY (S1-S4),INDEPENDENT SCHOOL,SOUTH,TOA PAYOH,No,No,Yes
RAFFLES INSTITUTION,1 RAFFLES INSTITUTION LANE   ,575954,1.34629045013358,103.843620247231,MIXED LEVEL (S1-JC2),INDEPENDENT SCHOOL,SOUTH,BISHAN,No,No,Yes
RED SWASTIKA SCHOOL,350 BEDOK NORTH AVENUE 3   ,469719,1.33324297847732,103.934332314404,PRIMARY,GOVERNMENT-AIDED SCH,EAST,BEDOK,Yes,No,No
REGENT SECONDARY SCHOOL,50 CHOA CHU KANG NORTH 5   ,689621,1.39327908335682,103.751034411529,SECONDARY (S1-S5),GOVERNMENT SCHOOL,WEST,CHOA CHU KANG,No,No,No
RIVER VALLEY HIGH SCHOOL,6 BOON LAY AVENUE   ,649961,1.34459584223718,103.708190688947,MIXED LEVEL (S1-JC2),GOVERNMENT SCHOOL,WEST,JURONG WEST,Yes,Yes,No
RIVER VALLEY PRIMARY SCHOOL,2 RIVER VALLEY GREEN   ,237993,1.2942232846169,103.835815165829,PRIMARY,GOVERNMENT SCHOOL,SOUTH,CENTRAL,No,No,No
RIVERSIDE PRIMARY SCHOOL,110 Woodlands Crescent   ,737803,1.44704734253719,103.801831963297,PRIMARY,GOVERNMENT SCHOOL,NORTH,WOODLANDS,No,No,No
RIVERSIDE SECONDARY SCHOOL,3 WOODLANDS STREET 81   ,738524,1.44110157139127,103.78830823641,SECONDARY (S1-S5),GOVERNMENT SCHOOL,NORTH,WOODLANDS,No,No,No
RIVERVALE PRIMARY SCHOOL,80 RIVERVALE DRIVE   ,545092,1.39340997767762,103.904559511997,PRIMARY,GOVERNMENT SCHOOL,NORTH,SENG KANG,No,No,No
ROSYTH SCHOOL,21 Serangoon North Avenue 4   ,555855,1.37289067499064,103.875001549174,PRIMARY,GOVERNMENT SCHOOL,NORTH,SERANGOON,No,No,Yes
RULANG PRIMARY SCHOOL,6 JURONG WEST STREET 52   ,649295,1.34673868889096,103.718457955487,PRIMARY,GOVERNMENT SCHOOL,WEST,JURONG WEST,No,No,No
"SCHOOL OF SCIENCE AND TECHNOLOGY, SINGAPORE",1 Technology Drive   ,138572,1.31292810600277,103.774011529322,SECONDARY (S1-S4),SPECIALISED SCHOOL,WEST,CLEMENTI,No,No,No
"SCHOOL OF THE ARTS, SINGAPORE",1 Zubir Said Drive 05 01 ,227968,1.29936480411316,103.848687419363,MIXED LEVEL (S1-JC2),SPECIALISED SCHOOL,SOUTH,CENTRAL,No,No,No
SEMBAWANG PRIMARY SCHOOL,10 SEMBAWANG DRIVE   ,757715,1.44504676205659,103.82102212387,PRIMARY,GOVERNMENT SCHOOL,NORTH,SEMBAWANG,No,No,No
SEMBAWANG SECONDARY SCHOOL,30 SEMBAWANG CRESCENT   ,757704,1.44531502131387,103.816843258118,SECONDARY (S1-S5),GOVERNMENT SCHOOL,NORTH,SEMBAWANG,No,No,No
SENG KANG PRIMARY SCHOOL,21 COMPASSVALE WALK   ,545166,1.38949740422462,103.899767112047,PRIMARY,GOVERNMENT SCHOOL,NORTH,SENG KANG,No,No,No
SENG KANG SECONDARY SCHOOL,10 COMPASSVALE LANE   ,545090,1.38659683143747,103.898365036709,SECONDARY (S1-S5),GOVERNMENT SCHOOL,NORTH,SENG KANG,No,No,No
SENGKANG GREEN PRIMARY SCHOOL,15 Fernvale Road   ,797636,1.39284606680477,103.875217666486,PRIMARY,GOVERNMENT SCHOOL,NORTH,SENG KANG,No,No,No
SERANGOON GARDEN SECONDARY SCHOOL,21 SERANGOON NORTH AVENUE 1   ,555889,1.36932570490947,103.869270301476,SECONDARY (S1-S5),GOVERNMENT SCHOOL,SOUTH,SERANGOON,No,No,No
SERANGOON SECONDARY SCHOOL,11 UPPER SERANGOON VIEW   ,534237,1.37465538827443,103.902138740699,SECONDARY (S1-S5),GOVERNMENT SCHOOL,SOUTH,HOUGANG,No,No,No
SHUQUN PRIMARY SCHOOL,8 JURONG WEST STREET 51   ,649332,1.34765311431632,103.721523713379,PRIMARY,GOVERNMENT SCHOOL,WEST,JURONG WEST,No,No,No
SI LING PRIMARY SCHOOL,61 WOODLANDS AVENUE 1   ,739067,1.43240935732525,103.786035065192,PRIMARY,GOVERNMENT SCHOOL,NORTH,WOODLANDS,No,No,No
SINGAPORE CHINESE GIRLS' PRIMARY SCHOOL,190 DUNEARN ROAD   ,309437,1.3206340835184,103.828164966953,PRIMARY,GOVERNMENT-AIDED SCH,SOUTH,NOVENA,No,No,No
SINGAPORE CHINESE GIRLS' SCHOOL,190 DUNEARN ROAD   ,309437,1.3206340835184,103.828164966953,SECONDARY (S1-S4),INDEPENDENT SCHOOL,SOUTH,NOVENA,No,No,No
SINGAPORE SPORTS SCHOOL,1 Champions Way   ,737913,1.42641140556342,103.789444793951,"MIXED LEVEL (S1-S5, JC1-JC2)",SPECIALISED SCHOOL,NORTH,WOODLANDS,No,No,No
SOUTH VIEW PRIMARY SCHOOL,6 Choa Chu Kang Central   ,689762,1.38166664389749,103.746275846011,PRIMARY,GOVERNMENT SCHOOL,WEST,CHOA CHU KANG,No,No,No
SPECTRA SECONDARY SCHOOL,1 WOODLANDS DRIVE 64   ,737758,1.43703750789961,103.804100467487,SECONDARY (S1-S4),SPECIALISED INDEPENDENT SCHOOL,NORTH,WOODLANDS,No,No,No
SPRINGDALE PRIMARY SCHOOL,71 Anchorvale Link   ,544799,1.39467010299293,103.889926221247,PRIMARY,GOVERNMENT SCHOOL,NORTH,SENG KANG,No,No,No
SPRINGFIELD SECONDARY SCHOOL,30 TAMPINES AVENUE 8   ,529593,1.34957303471476,103.930354460693,SECONDARY (S1-S5),GOVERNMENT SCHOOL,EAST,TAMPINES,No,No,No
ST ANDREW'S JUNIOR COLLEGE,5 Sorby Adams Drive   ,357691,1.33306515740956,103.863576377056,JUNIOR COLLEGE,GOVERNMENT-AIDED SCH,SOUTH,TOA PAYOH,No,No,No
ST ANDREW'S SCHOOL (JUNIOR),2 FRANCIS THOMAS DRIVE   ,359337,1.33140255308868,103.865117134385,PRIMARY,GOVERNMENT-AIDED SCH,SOUTH,TOA PAYOH,No,No,No
ST ANDREW'S SCHOOL (SECONDARY),15 FRANCIS THOMAS DRIVE   ,359342,1.33069360968075,103.866249138562,SECONDARY (S1-S5),GOVERNMENT-AIDED SCH,SOUTH,TOA PAYOH,No,No,No
ST. ANTHONY'S CANOSSIAN PRIMARY SCHOOL,1602 BEDOK NORTH AVE 4   ,469701,1.3347253730189,103.941234868202,PRIMARY,GOVERNMENT-AIDED SCH,EAST,BEDOK,No,No,No
ST. ANTHONY'S CANOSSIAN SECONDARY SCHOOL,1600 BEDOK NORTH AVENUE 4   ,469700,1.33466313498855,103.941977166932,SECONDARY (S1-S5),GOVERNMENT-AIDED SCH,EAST,BEDOK,No,Yes,No
ST. ANTHONY'S PRIMARY SCHOOL,30 Bukit Batok St 32   ,659401,1.36411948475833,103.749251919049,PRIMARY,GOVERNMENT-AIDED SCH,WEST,BUKIT BATOK,No,No,No
ST. GABRIEL'S PRIMARY SCHOOL,220 Lorong Chuan   ,556742,1.34947192653862,103.862561037707,PRIMARY,GOVERNMENT-AIDED SCH,SOUTH,SERANGOON,No,No,No
ST. GABRIEL'S SECONDARY SCHOOL,24 SERANGOON AVENUE 1   ,556140,1.34648798732177,103.876094163287,SECONDARY (S1-S5),GOVERNMENT-AIDED SCH,SOUTH,SERANGOON,No,No,No
ST. HILDA'S PRIMARY SCHOOL,2 Tampines Ave 3   ,529706,1.34938565036336,103.937007133662,PRIMARY,GOVERNMENT-AIDED SCH,EAST,TAMPINES,No,No,Yes
ST. HILDA'S SECONDARY SCHOOL,2 TAMPINES STREET 82   ,528986,1.34973922385379,103.937608032148,SECONDARY (S1-S5),GOVERNMENT-AIDED SCH,EAST,TAMPINES,No,No,No
ST. JOSEPH'S INSTITUTION,38 MALCOLM ROAD   ,308274,1.32365313490152,103.828498974985,MIXED LEVEL (S1-JC2),INDEPENDENT SCHOOL,SOUTH,NOVENA,No,No,No
ST. JOSEPH'S INSTITUTION JUNIOR,3 ESSEX ROAD   ,309331,1.31772860986913,103.845611935235,PRIMARY,GOVERNMENT-AIDED SCH,SOUTH,NOVENA,No,No,No
ST. MARGARET'S SCHOOL (PRIMARY),136 Sophia Road   ,228197,1.30390355715254,103.845955315605,PRIMARY,GOVERNMENT-AIDED SCH,SOUTH,CENTRAL,No,No,No
ST. MARGARET'S SCHOOL (SECONDARY),111 FARRER ROAD   ,259240,1.32006821363359,103.80995114006,SECONDARY (S1-S5),GOVERNMENT-AIDED SCH,SOUTH,BUKIT TIMAH,No,Yes,No
ST. PATRICK'S SCHOOL,490 EAST COAST ROAD   ,429058,1.30788341871801,103.917638193713,SECONDARY (S1-S5),GOVERNMENT-AIDED SCH,EAST,BEDOK,No,No,No
ST. STEPHEN'S SCHOOL,20 SIGLAP VIEW   ,455789,1.31878997295135,103.917258129598,PRIMARY,GOVERNMENT-AIDED SCH,EAST,BEDOK,No,No,No
SWISS COTTAGE SECONDARY SCHOOL,3 BUKIT BATOK STREET 34   ,659322,1.36471742697475,103.750396136688,SECONDARY (S1-S5),GOVERNMENT SCHOOL,WEST,BUKIT BATOK,No,No,No
TAMPINES MERIDIAN JUNIOR COLLEGE,21 Pasir Ris Street 71   ,518799,1.37633346909682,103.936990723441,JUNIOR COLLEGE,GOVERNMENT SCHOOL,EAST,PASIR RIS,No,No,No
TAMPINES NORTH PRIMARY SCHOOL,30 TAMPINES AVENUE 9   ,529565,1.36047641484682,103.948725782833,PRIMARY,GOVERNMENT SCHOOL,EAST,TAMPINES,No,No,No
TAMPINES PRIMARY SCHOOL,250 TAMPINES STREET 12   ,529426,1.34977870805929,103.944004684986,PRIMARY,GOVERNMENT SCHOOL,EAST,TAMPINES,No,No,No
TAMPINES SECONDARY SCHOOL,252 TAMPINES ST 12   ,529427,1.34926094811197,103.944263709507,SECONDARY (S1-S5),GOVERNMENT SCHOOL,EAST,TAMPINES,No,No,No
TANJONG KATONG GIRLS' SCHOOL,20 Dunman Lane   ,439272,1.30821274627283,103.895820094229,SECONDARY (S1-S4),GOVERNMENT SCHOOL,EAST,MARINE PARADE,No,Yes,No
TANJONG KATONG PRIMARY SCHOOL,10 Seraya Road   ,437259,1.30525783246242,103.900162653092,PRIMARY,GOVERNMENT SCHOOL,EAST,MARINE PARADE,No,No,No
TANJONG KATONG SECONDARY SCHOOL,130 HAIG ROAD   ,438796,1.30873515955341,103.897225196199,SECONDARY (S1-S4),GOVERNMENT SCHOOL,EAST,MARINE PARADE,No,Yes,No
TAO NAN SCHOOL,49 MARINE CRESCENT   ,449761,1.30528528687321,103.911553152326,PRIMARY,GOVERNMENT-AIDED SCH,EAST,MARINE PARADE,Yes,No,Yes
TECK GHEE PRIMARY SCHOOL,1 ANG MO KIO STREET 32   ,569299,1.36558782075966,103.850957126982,PRIMARY,GOVERNMENT SCHOOL,SOUTH,ANG MO KIO,No,No,No
TECK WHYE PRIMARY SCHOOL,11 TECK WHYE WALK   ,688261,1.38364996834457,103.753291857016,PRIMARY,GOVERNMENT SCHOOL,WEST,CHOA CHU KANG,No,No,No
TELOK KURAU PRIMARY SCHOOL,50 BEDOK RESERVOIR RD   ,479239,1.33104585441349,103.910934011337,PRIMARY,GOVERNMENT SCHOOL,EAST,BEDOK,No,No,No
TEMASEK JUNIOR COLLEGE,2 Tampines Avenue 9   Temasek Junior College,529564,1.35728017255861,103.956185936394,MIXED LEVEL (S1-JC2),GOVERNMENT SCHOOL,EAST,TAMPINES,No,No,No
TEMASEK PRIMARY SCHOOL,501 BEDOK SOUTH AVE 3   ,469300,1.31770677551333,103.945590669163,PRIMARY,GOVERNMENT SCHOOL,EAST,BEDOK,No,No,No
TEMASEK SECONDARY SCHOOL,600 UPPER EAST COAST ROAD   ,465561,1.31591673150616,103.947564112022,SECONDARY (S1-S5),GOVERNMENT SCHOOL,EAST,BEDOK,No,Yes,No
TOWNSVILLE PRIMARY SCHOOL,3 ANG MO KIO AVE 10   ,569730,1.36003263746623,103.853826048327,PRIMARY,GOVERNMENT SCHOOL,SOUTH,ANG MO KIO,No,No,No
UNITY PRIMARY SCHOOL,21 CHOA CHU KANG CRESCENT   ,688268,1.40285481877246,103.746822625758,PRIMARY,GOVERNMENT SCHOOL,WEST,CHOA CHU KANG,No,No,No
UNITY SECONDARY SCHOOL,20 CHOA CHU KANG STREET 62   ,689143,1.40001524119441,103.74602091483,SECONDARY (S1-S5),GOVERNMENT SCHOOL,WEST,CHOA CHU KANG,No,No,No
VALOUR PRIMARY SCHOOL,49 Punggol Central   ,828728,1.40683570215319,103.899078139493,PRIMARY,GOVERNMENT SCHOOL,EAST,PUNGGOL,No,No,No
VICTORIA JUNIOR COLLEGE,20 MARINE VISTA   ,449035,1.30670174177479,103.919982704149,JUNIOR COLLEGE,GOVERNMENT SCHOOL,EAST,BEDOK,No,No,No
VICTORIA SCHOOL,2 SIGLAP LINK   ,448880,1.3087130270751,103.927980966639,SECONDARY (S1-S4),GOVERNMENT SCHOOL,EAST,BEDOK,No,Yes,No
WATERWAY PRIMARY SCHOOL,70 Punggol Drive   ,828802,1.39882800626578,103.918621581556,PRIMARY,GOVERNMENT SCHOOL,EAST,PUNGGOL,No,No,No
WELLINGTON PRIMARY SCHOOL,10 WELLINGTON CIRCLE   ,757702,1.45192019155475,103.822303719094,PRIMARY,GOVERNMENT SCHOOL,NORTH,SEMBAWANG,No,No,No
WEST GROVE PRIMARY SCHOOL,1 JURONG WEST ST 72   ,649223,1.3448790560014,103.699286360581,PRIMARY,GOVERNMENT SCHOOL,WEST,JURONG WEST,No,No,No
WEST SPRING PRIMARY SCHOOL,60 Bukit Panjang Ring Road   ,679946,1.38944145898943,103.766195711835,PRIMARY,GOVERNMENT SCHOOL,WEST,BUKIT PANJANG,No,No,No
WEST SPRING SECONDARY SCHOOL,61 SENJA  ROAD   ,677737,1.38782283303782,103.760128840155,SECONDARY (S1-S5),GOVERNMENT SCHOOL,WEST,BUKIT PANJANG,No,No,No
WEST VIEW PRIMARY SCHOOL,31 SENJA ROAD   ,677742,1.3836758200336,103.760240434318,PRIMARY,GOVERNMENT SCHOOL,WEST,BUKIT PANJANG,No,No,No
WESTWOOD PRIMARY SCHOOL,1 Jurong West Street 73   ,649188,1.34718456606375,103.70053420978,PRIMARY,GOVERNMENT SCHOOL,WEST,JURONG WEST,No,No,No
WESTWOOD SECONDARY SCHOOL,11 JURONG WEST STREET 25   ,648350,1.35373698510994,103.701772102139,SECONDARY (S1-S5),GOVERNMENT SCHOOL,WEST,JURONG WEST,No,No,No
WHITE SANDS PRIMARY SCHOOL,2 PASIR RIS ST 11   ,519075,1.36555714668553,103.960918869319,PRIMARY,GOVERNMENT SCHOOL,EAST,PASIR RIS,No,No,No
WHITLEY SECONDARY SCHOOL,30 BISHAN STREET 24   ,579747,1.35505208480649,103.842552378136,SECONDARY (S1-S5),GOVERNMENT SCHOOL,SOUTH,BISHAN,No,No,No
WOODGROVE PRIMARY SCHOOL,2 WOODLANDS DRIVE 14   ,738079,1.43310340168966,103.790604437613,PRIMARY,GOVERNMENT SCHOOL,NORTH,WOODLANDS,No,No,No
WOODGROVE SECONDARY SCHOOL,3 WOODLANDS AVENUE 6   ,738990,1.42831828137013,103.79604758539,SECONDARY (S1-S5),GOVERNMENT SCHOOL,NORTH,WOODLANDS,No,No,No
WOODLANDS PRIMARY SCHOOL,10 WOODLANDS DRIVE 50   ,738853,1.43655108594232,103.791570546509,PRIMARY,GOVERNMENT SCHOOL,NORTH,WOODLANDS,No,No,No
WOODLANDS RING PRIMARY SCHOOL,11 WOODLANDS RING ROAD   ,738240,1.43495229315857,103.797435733144,PRIMARY,GOVERNMENT SCHOOL,NORTH,WOODLANDS,No,No,No
WOODLANDS RING SECONDARY SCHOOL,21 WOODLANDS AVENUE 1   ,739062,1.43070452883799,103.777625748539,SECONDARY (S1-S5),GOVERNMENT SCHOOL,NORTH,WOODLANDS,No,No,No
WOODLANDS SECONDARY SCHOOL,11 MARSILING ROAD   ,739111,1.43912528141356,103.774586410437,SECONDARY (S1-S5),GOVERNMENT SCHOOL,NORTH,WOODLANDS,No,No,No
XINGHUA PRIMARY SCHOOL,45 HOUGANG AVENUE 1   ,538882,1.35790893589535,103.890472887906,PRIMARY,GOVERNMENT SCHOOL,SOUTH,HOUGANG,No,No,No
XINGNAN PRIMARY SCHOOL,5 JURONG WEST STREET 91   ,649036,1.34254744877694,103.687950252103,PRIMARY,GOVERNMENT SCHOOL,WEST,JURONG WEST,No,No,No
XINMIN PRIMARY SCHOOL,9 HOUGANG AVENUE 8   ,538784,1.37139548941931,103.883080767491,PRIMARY,GOVERNMENT SCHOOL,NORTH,HOUGANG,No,No,No
XINMIN SECONDARY SCHOOL,11 HOUGANG AVENUE 8   ,538789,1.37255884700002,103.88305161385,SECONDARY (S1-S5),GOVERNMENT SCHOOL,NORTH,HOUGANG,No,Yes,No
XISHAN PRIMARY SCHOOL,8 YISHUN STREET 21   ,768611,1.43347186925064,103.837755319448,PRIMARY,GOVERNMENT SCHOOL,NORTH,YISHUN,No,No,No
YANGZHENG PRIMARY SCHOOL,15 SERANGOON AVENUE 3   ,556108,1.34864575840923,103.868595527042,PRIMARY,GOVERNMENT SCHOOL,SOUTH,SERANGOON,No,No,No
YEW TEE PRIMARY SCHOOL,10 CHOA CHU KANG ST 64   ,689100,1.39676600905037,103.750985967346,PRIMARY,GOVERNMENT SCHOOL,WEST,CHOA CHU KANG,No,No,No
YIO CHU KANG PRIMARY SCHOOL,1 HOUGANG STREET 51   ,538720,1.37793264345276,103.885643682171,PRIMARY,GOVERNMENT SCHOOL,NORTH,HOUGANG,No,No,No
YIO CHU KANG SECONDARY SCHOOL,3063 ANG MO KIO AVENUE 5   ,569868,1.37797597740925,103.84213696352,SECONDARY (S1-S5),GOVERNMENT SCHOOL,SOUTH,ANG MO KIO,No,No,No
YISHUN INNOVA JUNIOR COLLEGE,3 YISHUN RING ROAD   ,768675,1.42426692572335,103.83003171149,JUNIOR COLLEGE,GOVERNMENT SCHOOL,NORTH,YISHUN,No,No,No
YISHUN PRIMARY SCHOOL,500 YISHUN RING ROAD   ,768679,1.43338602975674,103.834087115915,PRIMARY,GOVERNMENT SCHOOL,NORTH,YISHUN,No,No,No
YISHUN SECONDARY SCHOOL,4 YISHUN STREET 71   ,768516,1.42813324276086,103.828764316679,SECONDARY (S1-S5),GOVERNMENT SCHOOL,NORTH,YISHUN,No,No,No
YISHUN TOWN SECONDARY SCHOOL,6 YISHUN STREET 21   ,768610,1.43232156717386,103.838094226361,SECONDARY (S1-S5),GOVERNMENT SCHOOL,NORTH,YISHUN,No,Yes,No
YU NENG PRIMARY SCHOOL,56 BEDOK NORTH ST 3   ,469623,1.33388930344069,103.932144857355,PRIMARY,GOVERNMENT SCHOOL,EAST,BEDOK,No,No,No
YUAN CHING SECONDARY SCHOOL,103 YUAN CHING ROAD   ,618654,1.34200635764467,103.72089870437,SECONDARY (S1-S5),GOVERNMENT SCHOOL,WEST,JURONG WEST,No,No,No
YUHUA PRIMARY SCHOOL,158 JURONG EAST STREET 24   ,609558,1.34280230475033,103.741105772644,PRIMARY,GOVERNMENT SCHOOL,WEST,JURONG EAST,No,No,No
YUHUA SECONDARY SCHOOL,35 JURONG WEST STREET 41   ,649406,1.34718626876968,103.722687235839,SECONDARY (S1-S5),GOVERNMENT SCHOOL,WEST,JURONG WEST,No,No,No
YUMIN PRIMARY SCHOOL,3 TAMPINES STREET 21   ,529393,1.35129177656981,103.950461927088,PRIMARY,GOVERNMENT SCHOOL,EAST,TAMPINES,No,No,No
YUSOF ISHAK SECONDARY SCHOOL,8 SUMANG WALK   ,828676,1.40693702458178,103.896275149571,SECONDARY (S1-S5),GOVERNMENT SCHOOL,EAST,PUNGGOL,No,No,No
YUYING SECONDARY SCHOOL,47 HOUGANG AVENUE 1   ,538884,1.35713595302467,103.890194755287,SECONDARY (S1-S5),GOVERNMENT-AIDED SCH,SOUTH,HOUGANG,No,No,No
ZHANGDE PRIMARY SCHOOL,51 Jalan Membina   ,169485,1.28421153335379,103.825951875662,PRIMARY,GOVERNMENT SCHOOL,SOUTH,BUKIT MERAH,No,No,No
ZHENGHUA PRIMARY SCHOOL,9 Fajar Road   ,679002,1.37954887512229,103.769313521752,PRIMARY,GOVERNMENT SCHOOL,WEST,BUKIT PANJANG,No,No,No
ZHENGHUA SECONDARY SCHOOL,62 Bukit Panjang Ring Road   ,679962,1.38836583415352,103.765510638527,SECONDARY (S1-S5),GOVERNMENT SCHOOL,WEST,BUKIT PANJANG,No,No,No
ZHONGHUA PRIMARY SCHOOL,12 SERANGOON AVENUE 4   ,556095,1.36020329705047,103.869762438084,PRIMARY,GOVERNMENT SCHOOL,SOUTH,SERANGOON,No,No,No
ZHONGHUA SECONDARY SCHOOL,13 SERANGOON AVENUE 3   ,556123,1.34840720846208,103.869430481414,SECONDARY (S1-S5),GOVERNMENT SCHOOL,SOUTH,SERANGOON,No,Yes,No
