series,date,cpi_index
All Items,1961-01-01,21.071
All Items,1961-02-01,21.094
All Items,1961-03-01,21.112
All Items,1961-04-01,20.77
All Items,1961-05-01,20.655
All Items,1961-06-01,20.801
All Items,1961-07-01,20.847
All Items,1961-08-01,21.054
All Items,1961-09-01,20.948
All Items,1961-10-01,21.007
All Items,1961-11-01,21.057
All Items,1961-12-01,21.024
All Items,1962-01-01,21.157
All Items,1962-02-01,21.277
All Items,1962-03-01,20.972
All Items,1962-04-01,20.868
All Items,1962-05-01,20.884
All Items,1962-06-01,20.98
All Items,1962-07-01,21.029
All Items,1962-08-01,20.966
All Items,1962-09-01,21.056
All Items,1962-10-01,21.009
All Items,1962-11-01,21.145
All Items,1962-12-01,21.205
All Items,1963-01-01,21.613
All Items,1963-02-01,21.771
All Items,1963-03-01,21.361
All Items,1963-04-01,21.148
All Items,1963-05-01,21.255
All Items,1963-06-01,21.321
All Items,1963-07-01,21.263
All Items,1963-08-01,21.315
All Items,1963-09-01,21.409
All Items,1963-10-01,21.917
All Items,1963-11-01,21.757
All Items,1963-12-01,21.798
All Items,1964-01-01,21.93
All Items,1964-02-01,22.012
All Items,1964-03-01,21.933
All Items,1964-04-01,21.639
All Items,1964-05-01,21.648
All Items,1964-06-01,21.583
All Items,1964-07-01,21.685
All Items,1964-08-01,22.044
All Items,1964-09-01,21.985
All Items,1964-10-01,21.844
All Items,1964-11-01,21.831
All Items,1964-12-01,22.046
All Items,1965-01-01,22.099
All Items,1965-02-01,22.03
All Items,1965-03-01,21.887
All Items,1965-04-01,21.567
All Items,1965-05-01,21.737
All Items,1965-06-01,21.815
All Items,1965-07-01,21.681
All Items,1965-08-01,21.814
All Items,1965-09-01,21.884
All Items,1965-10-01,21.943
All Items,1965-11-01,22.098
All Items,1965-12-01,22.263
All Items,1966-01-01,22.534
All Items,1966-02-01,22.326
All Items,1966-03-01,22.148
All Items,1966-04-01,22.232
All Items,1966-05-01,22.187
All Items,1966-06-01,22.245
All Items,1966-07-01,22.331
All Items,1966-08-01,22.486
All Items,1966-09-01,22.352
All Items,1966-10-01,22.224
All Items,1966-11-01,22.471
All Items,1966-12-01,22.609
All Items,1967-01-01,22.92
All Items,1967-02-01,22.931
All Items,1967-03-01,22.807
All Items,1967-04-01,22.448
All Items,1967-05-01,22.653
All Items,1967-06-01,22.913
All Items,1967-07-01,23.226
All Items,1967-08-01,23.13
All Items,1967-09-01,23.317
All Items,1967-10-01,23.226
All Items,1967-11-01,23.449
All Items,1967-12-01,23.659
All Items,1968-01-01,23.681
All Items,1968-02-01,23.412
All Items,1968-03-01,23.327
All Items,1968-04-01,23.281
All Items,1968-05-01,23.024
All Items,1968-06-01,23.022
All Items,1968-07-01,23.138
All Items,1968-08-01,23.324
All Items,1968-09-01,23.188
All Items,1968-10-01,23.152
All Items,1968-11-01,23.101
All Items,1968-12-01,23.031
All Items,1969-01-01,23.062
All Items,1969-02-01,23.029
All Items,1969-03-01,23.159
All Items,1969-04-01,23.083
All Items,1969-05-01,23.309
All Items,1969-06-01,23.191
All Items,1969-07-01,23.112
All Items,1969-08-01,23.195
All Items,1969-09-01,23.232
All Items,1969-10-01,23.061
All Items,1969-11-01,23.297
All Items,1969-12-01,23.619
All Items,1970-01-01,23.287
All Items,1970-02-01,23.386
All Items,1970-03-01,23.102
All Items,1970-04-01,23.14
All Items,1970-05-01,23.155
All Items,1970-06-01,23.12
All Items,1970-07-01,23.349
All Items,1970-08-01,23.33
All Items,1970-09-01,23.291
All Items,1970-10-01,23.316
All Items,1970-11-01,23.263
All Items,1970-12-01,23.42
All Items,1971-01-01,24.111
All Items,1971-02-01,23.686
All Items,1971-03-01,23.575
All Items,1971-04-01,23.293
All Items,1971-05-01,23.541
All Items,1971-06-01,23.608
All Items,1971-07-01,23.729
All Items,1971-08-01,23.615
All Items,1971-09-01,23.796
All Items,1971-10-01,23.654
All Items,1971-11-01,23.787
All Items,1971-12-01,24.003
All Items,1972-01-01,24.035
All Items,1972-02-01,24.026
All Items,1972-03-01,23.981
All Items,1972-04-01,23.704
All Items,1972-05-01,23.798
All Items,1972-06-01,23.881
All Items,1972-07-01,24.025
All Items,1972-08-01,24.237
All Items,1972-09-01,24.409
All Items,1972-10-01,24.372
All Items,1972-11-01,24.61
All Items,1972-12-01,25.412
All Items,1973-01-01,25.338
All Items,1973-02-01,26.214
All Items,1973-03-01,26.316
All Items,1973-04-01,26.486
All Items,1973-05-01,27.663
All Items,1973-06-01,28.59
All Items,1973-07-01,29.95
All Items,1973-08-01,30.29
All Items,1973-09-01,30.296
All Items,1973-10-01,31.328
All Items,1973-11-01,32.677
All Items,1973-12-01,32.33
All Items,1974-01-01,33.738
All Items,1974-02-01,34.728
All Items,1974-03-01,35.333
All Items,1974-04-01,34.94
All Items,1974-05-01,34.964
All Items,1974-06-01,35.098
All Items,1974-07-01,35.372
All Items,1974-08-01,35.612
All Items,1974-09-01,35.992
All Items,1974-10-01,36.326
All Items,1974-11-01,36.407
All Items,1974-12-01,36.683
All Items,1975-01-01,36.846
All Items,1975-02-01,36.919
All Items,1975-03-01,36.215
All Items,1975-04-01,35.968
All Items,1975-05-01,36.11
All Items,1975-06-01,36.213
All Items,1975-07-01,36.31
All Items,1975-08-01,36.461
All Items,1975-09-01,36.472
All Items,1975-10-01,36.114
All Items,1975-11-01,36.187
All Items,1975-12-01,36.339
All Items,1976-01-01,36.327
All Items,1976-02-01,36.32
All Items,1976-03-01,35.856
All Items,1976-04-01,35.508
All Items,1976-05-01,35.651
All Items,1976-06-01,35.468
All Items,1976-07-01,35.442
All Items,1976-08-01,35.395
All Items,1976-09-01,35.331
All Items,1976-10-01,35.295
All Items,1976-11-01,35.504
All Items,1976-12-01,35.785
All Items,1977-01-01,36.258
All Items,1977-02-01,36.501
All Items,1977-03-01,36.255
All Items,1977-04-01,35.952
All Items,1977-05-01,36.239
All Items,1977-06-01,36.37
All Items,1977-07-01,36.739
All Items,1977-08-01,37.29
All Items,1977-09-01,37.532
All Items,1977-10-01,37.002
All Items,1977-11-01,37.311
All Items,1977-12-01,38.071
All Items,1978-01-01,37.844
All Items,1978-02-01,38.102
All Items,1978-03-01,37.594
All Items,1978-04-01,37.818
All Items,1978-05-01,37.948
All Items,1978-06-01,38.036
All Items,1978-07-01,38.493
All Items,1978-08-01,38.673
All Items,1978-09-01,38.738
All Items,1978-10-01,38.598
All Items,1978-11-01,38.826
All Items,1978-12-01,38.796
All Items,1979-01-01,38.822
All Items,1979-02-01,38.701
All Items,1979-03-01,38.578
All Items,1979-04-01,38.753
All Items,1979-05-01,39.034
All Items,1979-06-01,39.137
All Items,1979-07-01,39.624
All Items,1979-08-01,40.327
All Items,1979-09-01,40.963
All Items,1979-10-01,40.972
All Items,1979-11-01,41.324
All Items,1979-12-01,41.633
All Items,1980-01-01,41.68
All Items,1980-02-01,42.335
All Items,1980-03-01,42.787
All Items,1980-04-01,42.971
All Items,1980-05-01,42.948
All Items,1980-06-01,43.062
All Items,1980-07-01,43.437
All Items,1980-08-01,43.767
All Items,1980-09-01,43.659
All Items,1980-10-01,43.806
All Items,1980-11-01,44.093
All Items,1980-12-01,44.132
All Items,1981-01-01,44.264
All Items,1981-02-01,44.793
All Items,1981-03-01,44.894
All Items,1981-04-01,45.802
All Items,1981-05-01,46.39
All Items,1981-06-01,46.702
All Items,1981-07-01,47.404
All Items,1981-08-01,48.03
All Items,1981-09-01,47.944
All Items,1981-10-01,47.96
All Items,1981-11-01,48.28
All Items,1981-12-01,48.698
All Items,1982-01-01,49.177
All Items,1982-02-01,48.8
All Items,1982-03-01,48.28
All Items,1982-04-01,48.298
All Items,1982-05-01,48.327
All Items,1982-06-01,48.455
All Items,1982-07-01,48.326
All Items,1982-08-01,48.527
All Items,1982-09-01,48.606
All Items,1982-10-01,48.475
All Items,1982-11-01,48.774
All Items,1982-12-01,49.1
All Items,1983-01-01,48.945
All Items,1983-02-01,49.044
All Items,1983-03-01,48.991
All Items,1983-04-01,48.926
All Items,1983-05-01,49.098
All Items,1983-06-01,48.784
All Items,1983-07-01,48.966
All Items,1983-08-01,49.001
All Items,1983-09-01,49.18
All Items,1983-10-01,49.075
All Items,1983-11-01,49.526
All Items,1983-12-01,49.661
All Items,1984-01-01,50.163
All Items,1984-02-01,50.825
All Items,1984-03-01,50.323
All Items,1984-04-01,50.327
All Items,1984-05-01,50.288
All Items,1984-06-01,50.427
All Items,1984-07-01,50.569
All Items,1984-08-01,50.689
All Items,1984-09-01,50.35
All Items,1984-10-01,50.325
All Items,1984-11-01,50.136
All Items,1984-12-01,50.114
All Items,1985-01-01,50.339
All Items,1985-02-01,50.589
All Items,1985-03-01,50.721
All Items,1985-04-01,50.623
All Items,1985-05-01,50.613
All Items,1985-06-01,50.741
All Items,1985-07-01,50.908
All Items,1985-08-01,50.967
All Items,1985-09-01,50.565
All Items,1985-10-01,50.555
All Items,1985-11-01,50.426
All Items,1985-12-01,50.459
All Items,1986-01-01,50.435
All Items,1986-02-01,50.302
All Items,1986-03-01,50.156
All Items,1986-04-01,49.903
All Items,1986-05-01,49.865
All Items,1986-06-01,49.791
All Items,1986-07-01,49.712
All Items,1986-08-01,49.691
All Items,1986-09-01,49.894
All Items,1986-10-01,49.88
All Items,1986-11-01,49.725
All Items,1986-12-01,49.763
All Items,1987-01-01,50.082
All Items,1987-02-01,49.768
All Items,1987-03-01,49.762
All Items,1987-04-01,49.939
All Items,1987-05-01,50.073
All Items,1987-06-01,50.103
All Items,1987-07-01,50.308
All Items,1987-08-01,50.37
All Items,1987-09-01,50.342
All Items,1987-10-01,50.328
All Items,1987-11-01,50.414
All Items,1987-12-01,50.522
All Items,1988-01-01,50.45
All Items,1988-02-01,50.838
All Items,1988-03-01,50.707
All Items,1988-04-01,50.722
All Items,1988-05-01,50.883
All Items,1988-06-01,50.827
All Items,1988-07-01,51.123
All Items,1988-08-01,51.103
All Items,1988-09-01,51.15
All Items,1988-10-01,51.038
All Items,1988-11-01,51.107
All Items,1988-12-01,51.233
All Items,1989-01-01,51.212
All Items,1989-02-01,51.347
All Items,1989-03-01,51.296
All Items,1989-04-01,51.591
All Items,1989-05-01,51.956
All Items,1989-06-01,52.192
All Items,1989-07-01,52.341
All Items,1989-08-01,52.405
All Items,1989-09-01,52.401
All Items,1989-10-01,52.666
All Items,1989-11-01,52.866
All Items,1989-12-01,52.93
All Items,1990-01-01,53.231
All Items,1990-02-01,53.335
All Items,1990-03-01,53.18
All Items,1990-04-01,53.478
All Items,1990-05-01,53.616
All Items,1990-06-01,53.69
All Items,1990-07-01,53.715
All Items,1990-08-01,53.906
All Items,1990-09-01,54.274
All Items,1990-10-01,54.705
All Items,1990-11-01,54.691
All Items,1990-12-01,54.951
All Items,1991-01-01,55.008
All Items,1991-02-01,55.459
All Items,1991-03-01,55.192
All Items,1991-04-01,55.478
All Items,1991-05-01,55.658
All Items,1991-06-01,55.788
All Items,1991-07-01,55.862
All Items,1991-08-01,56.0
All Items,1991-09-01,55.969
All Items,1991-10-01,55.993
All Items,1991-11-01,56.083
All Items,1991-12-01,56.531
All Items,1992-01-01,56.531
All Items,1992-02-01,56.454
All Items,1992-03-01,56.355
All Items,1992-04-01,56.708
All Items,1992-05-01,57.002
All Items,1992-06-01,57.009
All Items,1992-07-01,57.254
All Items,1992-08-01,57.153
All Items,1992-09-01,57.192
All Items,1992-10-01,57.334
All Items,1992-11-01,57.496
All Items,1992-12-01,57.543
All Items,1993-01-01,57.984
All Items,1993-02-01,57.713
All Items,1993-03-01,57.854
All Items,1993-04-01,58.023
All Items,1993-05-01,58.184
All Items,1993-06-01,58.203
All Items,1993-07-01,58.481
All Items,1993-08-01,58.389
All Items,1993-09-01,58.42
All Items,1993-10-01,58.627
All Items,1993-11-01,58.811
All Items,1993-12-01,59.013
All Items,1994-01-01,59.311
All Items,1994-02-01,59.504
All Items,1994-03-01,59.206
All Items,1994-04-01,59.651
All Items,1994-05-01,59.953
All Items,1994-06-01,60.239
All Items,1994-07-01,60.354
All Items,1994-08-01,60.432
All Items,1994-09-01,60.455
All Items,1994-10-01,60.662
All Items,1994-11-01,60.885
All Items,1994-12-01,60.71
All Items,1995-01-01,60.841
All Items,1995-02-01,60.904
All Items,1995-03-01,60.717
All Items,1995-04-01,61.01
All Items,1995-05-01,61.245
All Items,1995-06-01,61.335
All Items,1995-07-01,61.239
All Items,1995-08-01,61.256
All Items,1995-09-01,61.259
All Items,1995-10-01,61.326
All Items,1995-11-01,61.45
All Items,1995-12-01,61.221
All Items,1996-01-01,61.389
All Items,1996-02-01,61.893
All Items,1996-03-01,61.621
All Items,1996-04-01,61.689
All Items,1996-05-01,61.984
All Items,1996-06-01,62.046
All Items,1996-07-01,62.048
All Items,1996-08-01,62.135
All Items,1996-09-01,62.164
All Items,1996-10-01,62.181
All Items,1996-11-01,62.33
All Items,1996-12-01,62.444
All Items,1997-01-01,62.577
All Items,1997-02-01,62.897
All Items,1997-03-01,62.589
All Items,1997-04-01,62.877
All Items,1997-05-01,63.006
All Items,1997-06-01,63.117
All Items,1997-07-01,63.363
All Items,1997-08-01,63.58
All Items,1997-09-01,63.712
All Items,1997-10-01,63.744
All Items,1997-11-01,63.789
All Items,1997-12-01,63.723
All Items,1998-01-01,63.527
All Items,1998-02-01,63.486
All Items,1998-03-01,63.159
All Items,1998-04-01,63.195
All Items,1998-05-01,63.047
All Items,1998-06-01,62.995
All Items,1998-07-01,63.06
All Items,1998-08-01,62.967
All Items,1998-09-01,62.907
All Items,1998-10-01,62.808
All Items,1998-11-01,62.952
All Items,1998-12-01,62.813
All Items,1999-01-01,62.944
All Items,1999-02-01,63.022
All Items,1999-03-01,62.831
All Items,1999-04-01,62.994
All Items,1999-05-01,63.138
All Items,1999-06-01,63.075
All Items,1999-07-01,63.163
All Items,1999-08-01,63.202
All Items,1999-09-01,63.178
All Items,1999-10-01,63.131
All Items,1999-11-01,63.177
All Items,1999-12-01,63.239
All Items,2000-01-01,63.518
All Items,2000-02-01,63.82
All Items,2000-03-01,63.602
All Items,2000-04-01,63.693
All Items,2000-05-01,63.464
All Items,2000-06-01,63.567
All Items,2000-07-01,63.892
All Items,2000-08-01,64.229
All Items,2000-09-01,64.244
All Items,2000-10-01,64.293
All Items,2000-11-01,64.435
All Items,2000-12-01,64.543
All Items,2001-01-01,64.782
All Items,2001-02-01,64.659
All Items,2001-03-01,64.775
All Items,2001-04-01,64.952
All Items,2001-05-01,64.69
All Items,2001-06-01,64.336
All Items,2001-07-01,64.722
All Items,2001-08-01,64.684
All Items,2001-09-01,64.594
All Items,2001-10-01,64.432
All Items,2001-11-01,64.296
All Items,2001-12-01,64.163
All Items,2002-01-01,64.069
All Items,2002-02-01,64.259
All Items,2002-03-01,64.198
All Items,2002-04-01,64.267
All Items,2002-05-01,64.467
All Items,2002-06-01,64.427
All Items,2002-07-01,64.448
All Items,2002-08-01,64.401
All Items,2002-09-01,64.321
All Items,2002-10-01,64.303
All Items,2002-11-01,64.446
All Items,2002-12-01,64.443
All Items,2003-01-01,64.629
All Items,2003-02-01,64.511
All Items,2003-03-01,64.69
All Items,2003-04-01,64.822
All Items,2003-05-01,64.411
All Items,2003-06-01,64.219
All Items,2003-07-01,64.62
All Items,2003-08-01,64.696
All Items,2003-09-01,64.764
All Items,2003-10-01,64.719
All Items,2003-11-01,64.807
All Items,2003-12-01,64.924
All Items,2004-01-01,65.065
All Items,2004-02-01,65.814
All Items,2004-03-01,65.33
All Items,2004-04-01,65.77
All Items,2004-05-01,65.928
All Items,2004-06-01,65.413
All Items,2004-07-01,65.938
All Items,2004-08-01,65.853
All Items,2004-09-01,65.988
All Items,2004-10-01,65.964
All Items,2004-11-01,65.945
All Items,2004-12-01,65.775
All Items,2005-01-01,65.32
All Items,2005-02-01,65.801
All Items,2005-03-01,65.608
All Items,2005-04-01,66.013
All Items,2005-05-01,65.91
All Items,2005-06-01,65.308
All Items,2005-07-01,65.992
All Items,2005-08-01,66.304
All Items,2005-09-01,66.397
All Items,2005-10-01,66.668
All Items,2005-11-01,66.587
All Items,2005-12-01,66.609
All Items,2006-01-01,66.455
All Items,2006-02-01,66.587
All Items,2006-03-01,66.366
All Items,2006-04-01,66.728
All Items,2006-05-01,66.629
All Items,2006-06-01,66.209
All Items,2006-07-01,66.71
All Items,2006-08-01,66.747
All Items,2006-09-01,66.689
All Items,2006-10-01,66.95
All Items,2006-11-01,66.95
All Items,2006-12-01,67.15
All Items,2007-01-01,66.072
All Items,2007-02-01,66.566
All Items,2007-03-01,66.523
All Items,2007-04-01,67.035
All Items,2007-05-01,67.472
All Items,2007-06-01,67.34
All Items,2007-07-01,68.695
All Items,2007-08-01,69.051
All Items,2007-09-01,68.696
All Items,2007-10-01,69.671
All Items,2007-11-01,70.204
All Items,2007-12-01,69.727
All Items,2008-01-01,70.46
All Items,2008-02-01,70.937
All Items,2008-03-01,71.0
All Items,2008-04-01,72.117
All Items,2008-05-01,72.561
All Items,2008-06-01,72.428
All Items,2008-07-01,73.218
All Items,2008-08-01,73.497
All Items,2008-09-01,73.34
All Items,2008-10-01,74.15
All Items,2008-11-01,74.1
All Items,2008-12-01,73.459
All Items,2009-01-01,73.463
All Items,2009-02-01,73.229
All Items,2009-03-01,72.814
All Items,2009-04-01,72.344
All Items,2009-05-01,72.729
All Items,2009-06-01,72.41
All Items,2009-07-01,73.029
All Items,2009-08-01,73.29
All Items,2009-09-01,73.034
All Items,2009-10-01,73.473
All Items,2009-11-01,73.514
All Items,2009-12-01,73.071
All Items,2010-01-01,73.616
All Items,2010-02-01,73.93
All Items,2010-03-01,73.987
All Items,2010-04-01,74.664
All Items,2010-05-01,75.093
All Items,2010-06-01,74.377
All Items,2010-07-01,75.329
All Items,2010-08-01,75.677
All Items,2010-09-01,75.72
All Items,2010-10-01,76.06
All Items,2010-11-01,76.312
All Items,2010-12-01,76.427
All Items,2011-01-01,77.674
All Items,2011-02-01,77.618
All Items,2011-03-01,77.722
All Items,2011-04-01,77.992
All Items,2011-05-01,78.462
All Items,2011-06-01,78.277
All Items,2011-07-01,79.433
All Items,2011-08-01,80.005
All Items,2011-09-01,79.856
All Items,2011-10-01,80.183
All Items,2011-11-01,80.63
All Items,2011-12-01,80.663
All Items,2012-01-01,81.412
All Items,2012-02-01,81.19
All Items,2012-03-01,81.806
All Items,2012-04-01,82.245
All Items,2012-05-01,82.418
All Items,2012-06-01,82.423
All Items,2012-07-01,82.614
All Items,2012-08-01,83.128
All Items,2012-09-01,83.604
All Items,2012-10-01,83.434
All Items,2012-11-01,83.54
All Items,2012-12-01,84.151
All Items,2013-01-01,84.315
All Items,2013-02-01,85.162
All Items,2013-03-01,84.703
All Items,2013-04-01,83.448
All Items,2013-05-01,83.746
All Items,2013-06-01,83.917
All Items,2013-07-01,84.151
All Items,2013-08-01,84.829
All Items,2013-09-01,84.954
All Items,2013-10-01,85.088
All Items,2013-11-01,85.689
All Items,2013-12-01,85.417
All Items,2014-01-01,85.511
All Items,2014-02-01,85.491
All Items,2014-03-01,85.719
All Items,2014-04-01,85.369
All Items,2014-05-01,85.656
All Items,2014-06-01,85.513
All Items,2014-07-01,85.258
All Items,2014-08-01,85.714
All Items,2014-09-01,85.556
All Items,2014-10-01,85.3
All Items,2014-11-01,85.46
All Items,2014-12-01,85.363
All Items,2015-01-01,85.179
All Items,2015-02-01,85.257
All Items,2015-03-01,85.463
All Items,2015-04-01,84.93
All Items,2015-05-01,85.317
All Items,2015-06-01,85.225
All Items,2015-07-01,84.921
All Items,2015-08-01,85.002
All Items,2015-09-01,85.003
All Items,2015-10-01,84.637
All Items,2015-11-01,84.807
All Items,2015-12-01,84.814
All Items,2016-01-01,84.628
All Items,2016-02-01,84.542
All Items,2016-03-01,84.577
All Items,2016-04-01,84.534
All Items,2016-05-01,83.983
All Items,2016-06-01,84.607
All Items,2016-07-01,84.37
All Items,2016-08-01,84.786
All Items,2016-09-01,84.794
All Items,2016-10-01,84.551
All Items,2016-11-01,84.822
All Items,2016-12-01,84.954
All Items,2017-01-01,85.102
All Items,2017-02-01,85.1
All Items,2017-03-01,85.136
All Items,2017-04-01,84.877
All Items,2017-05-01,85.164
All Items,2017-06-01,85.043
All Items,2017-07-01,84.845
All Items,2017-08-01,85.129
All Items,2017-09-01,85.11
All Items,2017-10-01,84.865
All Items,2017-11-01,85.358
All Items,2017-12-01,85.274
All Items,2018-01-01,85.11
All Items,2018-02-01,85.51
All Items,2018-03-01,85.337
All Items,2018-04-01,84.937
All Items,2018-05-01,85.466
All Items,2018-06-01,85.514
All Items,2018-07-01,85.39
All Items,2018-08-01,85.749
All Items,2018-09-01,85.729
All Items,2018-10-01,85.465
All Items,2018-11-01,85.606
All Items,2018-12-01,85.67
All Items,2019-01-01,85.416
All Items,2019-02-01,85.901
All Items,2019-03-01,85.917
All Items,2019-04-01,85.73
All Items,2019-05-01,86.221
All Items,2019-06-01,85.974
All Items,2019-07-01,85.587
All Items,2019-08-01,86.123
All Items,2019-09-01,86.069
All Items,2019-10-01,85.883
All Items,2019-11-01,86.16
All Items,2019-12-01,86.325
All Items,2020-01-01,86.121
All Items,2020-02-01,86.183
All Items,2020-03-01,85.888
All Items,2020-04-01,85.098
All Items,2020-05-01,85.502
All Items,2020-06-01,85.52
All Items,2020-07-01,85.245
All Items,2020-08-01,85.787
All Items,2020-09-01,86.073
All Items,2020-10-01,85.709
All Items,2020-11-01,86.047
All Items,2020-12-01,86.358
All Items,2021-01-01,86.334
All Items,2021-02-01,86.827
All Items,2021-03-01,87.019
All Items,2021-04-01,86.875
All Items,2021-05-01,87.574
All Items,2021-06-01,87.569
All Items,2021-07-01,87.398
All Items,2021-08-01,87.882
All Items,2021-09-01,88.248
All Items,2021-10-01,88.5
All Items,2021-11-01,89.369
All Items,2021-12-01,89.781
All Items,2022-01-01,89.81
All Items,2022-02-01,90.59
All Items,2022-03-01,91.715
All Items,2022-04-01,91.594
All Items,2022-05-01,92.502
All Items,2022-06-01,93.423
All Items,2022-07-01,93.563
All Items,2022-08-01,94.445
All Items,2022-09-01,94.854
All Items,2022-10-01,94.475
All Items,2022-11-01,95.396
All Items,2022-12-01,95.591
All Items,2023-01-01,95.772
All Items,2023-02-01,96.308
All Items,2023-03-01,96.792
All Items,2023-04-01,96.869
All Items,2023-05-01,97.181
All Items,2023-06-01,97.645
All Items,2023-07-01,97.417
All Items,2023-08-01,98.278
All Items,2023-09-01,98.776
All Items,2023-10-01,98.974
All Items,2023-11-01,98.808
All Items,2023-12-01,99.177
All Items,2024-01-01,98.752
All Items,2024-02-01,99.755
All Items,2024-03-01,99.712
All Items,2024-04-01,99.426
All Items,2024-05-01,100.209
All Items,2024-06-01,100.104
All Items,2024-07-01,99.818
All Items,2024-08-01,100.414
All Items,2024-09-01,100.645
All Items,2024-10-01,100.119
All Items,2024-11-01,100.387
All Items,2024-12-01,100.661
All Items,2025-01-01,99.908
All Items,2025-02-01,100.677
All Items,2025-03-01,100.599
All Items,2025-04-01,100.283
All Items,2025-05-01,100.978
All Items,2025-06-01,100.9
All Items,2025-07-01,100.447
All Items,2025-08-01,100.963
All Items,2025-09-01,101.32
All Items,2025-10-01,101.33
All Items,2025-11-01,101.579
All Items,2025-12-01,101.854
All Items,2026-01-01,101.333
All Items,2026-02-01,101.918
All Items,2026-03-01,102.405
All Items,2026-04-01,102.052
All Items,2026-05-01,102.814
All Items,2026-06-01,102.858
